YEAR,MONTH,COMMODITY,"WEIGHT, KG PER BAG"," PRICE, ¢ GH"
1970,JANUARY,MAIZE,100,0.0011
1970,FEBRUARY,MAIZE,100,0.0012
1970,MARCH,MAIZE,100,0.0012
1970,APRIL,MAIZE,100,0.0013
1970,MAY,MAIZE,100,0.0014
1970,JUNE,MAIZE,100,0.0013
1970,JULY,MAIZE,100,0.0013
1970,AUGUST,MAIZE,100,0.0012
1970,SEPTEMBER,MAIZE,100,0.0009
1970,OCTOBER,MAIZE,100,0.0009
1970,NOVEMBER,MAIZE,100,0.0011
1970,DECEMBER,MAIZE,100,0.0011
1971,JANUARY,MAIZE,100,0.0011
1971,FEBRUARY,MAIZE,100,0.0011
1971,MARCH,MAIZE,100,0.0012
1971,APRIL,MAIZE,100,0.0013
1971,MAY,MAIZE,100,0.0014
1971,JUNE,MAIZE,100,0.0014
1971,JULY,MAIZE,100,0.0013
1971,AUGUST,MAIZE,100,0.001
1971,SEPTEMBER,MAIZE,100,0.001
1971,OCTOBER,MAIZE,100,0.001
1971,NOVEMBER,MAIZE,100,0.0012
1971,DECEMBER,MAIZE,100,0.0013
1972,JANUARY,MAIZE,100,0.0014
1972,FEBRUARY,MAIZE,100,0.0016
1972,MARCH,MAIZE,100,0.0018
1972,APRIL,MAIZE,100,0.0023
1972,MAY,MAIZE,100,0.0024
1972,JUNE,MAIZE,100,0.0025
1972,JULY,MAIZE,100,0.0018
1972,AUGUST,MAIZE,100,0.0012
1972,SEPTEMBER,MAIZE,100,0.0011
1972,OCTOBER,MAIZE,100,0.0013
1972,NOVEMBER,MAIZE,100,0.0016
1972,DECEMBER,MAIZE,100,0.001
1973,JANUARY,MAIZE,100,0.0017
1973,FEBRUARY,MAIZE,100,0.0017
1973,MARCH,MAIZE,100,0.0019
1973,APRIL,MAIZE,100,0.0023
1973,MAY,MAIZE,100,0.0025
1973,JUNE,MAIZE,100,0.0024
1973,JULY,MAIZE,100,0.0021
1973,AUGUST,MAIZE,100,0.0015
1973,SEPTEMBER,MAIZE,100,0.0014
1973,OCTOBER,MAIZE,100,0.0014
1973,NOVEMBER,MAIZE,100,0.0016
1973,DECEMBER,MAIZE,100,0.0016
1974,JANUARY,MAIZE,100,0.0018
1974,FEBRUARY,MAIZE,100,0.0019
1974,MARCH,MAIZE,100,0.002
1974,APRIL,MAIZE,100,0.0022
1974,MAY,MAIZE,100,0.0022
1974,JUNE,MAIZE,100,0.0021
1974,JULY,MAIZE,100,0.002
1974,AUGUST,MAIZE,100,0.0021
1974,SEPTEMBER,MAIZE,100,0.002
1974,OCTOBER,MAIZE,100,0.0022
1974,NOVEMBER,MAIZE,100,0.002
1974,DECEMBER,MAIZE,100,0.0021
1975,JANUARY,MAIZE,100,0.002
1975,FEBRUARY,MAIZE,100,0.0021
1975,MARCH,MAIZE,100,0.0022
1975,APRIL,MAIZE,100,0.0024
1975,MAY,MAIZE,100,0.0027
1975,JUNE,MAIZE,100,0.0029
1975,JULY,MAIZE,100,0.0027
1975,AUGUST,MAIZE,100,0.0021
1975,SEPTEMBER,MAIZE,100,0.0019
1975,OCTOBER,MAIZE,100,0.0032
1975,NOVEMBER,MAIZE,100,0.003
1975,DECEMBER,MAIZE,100,0.0028
1976,JANUARY,MAIZE,100,0.0037
1976,FEBRUARY,MAIZE,100,0.0039
1976,MARCH,MAIZE,100,0.0038
1976,APRIL,MAIZE,100,0.0043
1976,MAY,MAIZE,100,0.0056
1976,JUNE,MAIZE,100,0.0068
1976,JULY,MAIZE,100,0.0074
1976,AUGUST,MAIZE,100,0.0059
1976,SEPTEMBER,MAIZE,100,0.0053
1976,OCTOBER,MAIZE,100,0.0063
1976,NOVEMBER,MAIZE,100,0.0074
1976,DECEMBER,MAIZE,100,0.0079
1977,JANUARY,MAIZE,100,0.0087
1977,FEBRUARY,MAIZE,100,0.0094
1977,MARCH,MAIZE,100,0.0096
1977,APRIL,MAIZE,100,0.0108
1977,MAY,MAIZE,100,0.0179
1977,JUNE,MAIZE,100,0.0184
1977,JULY,MAIZE,100,0.0155
1977,AUGUST,MAIZE,100,0.0165
1977,SEPTEMBER,MAIZE,100,0.0083
1977,OCTOBER,MAIZE,100,0.0079
1977,NOVEMBER,MAIZE,100,0.0094
1977,DECEMBER,MAIZE,100,0.0102
1978,JANUARY,MAIZE,100,0.012
1978,FEBRUARY,MAIZE,100,0.0129
1978,MARCH,MAIZE,100,0.0133
1978,APRIL,MAIZE,100,0.0123
1978,MAY,MAIZE,100,0.012
1978,JUNE,MAIZE,100,0.0138
1978,JULY,MAIZE,100,0.0141
1978,AUGUST,MAIZE,100,0.0132
1978,SEPTEMBER,MAIZE,100,0.0124
1978,OCTOBER,MAIZE,100,0.0144
1978,NOVEMBER,MAIZE,100,0.0163
1978,DECEMBER,MAIZE,100,0.0143
1979,JANUARY,MAIZE,100,0.0142
1979,FEBRUARY,MAIZE,100,0.0176
1979,MARCH,MAIZE,100,0.0149
1979,APRIL,MAIZE,100,0.0177
1979,MAY,MAIZE,100,0.021
1979,JUNE,MAIZE,100,0.0229
1979,JULY,MAIZE,100,0.0174
1979,AUGUST,MAIZE,100,0.0141
1979,SEPTEMBER,MAIZE,100,0.0175
1979,OCTOBER,MAIZE,100,0.0167
1979,NOVEMBER,MAIZE,100,0.0151
1979,DECEMBER,MAIZE,100,0.011
1980,JANUARY,MAIZE,100,0.0229
1980,FEBRUARY,MAIZE,100,0.0223
1980,MARCH,MAIZE,100,0.0256
1980,APRIL,MAIZE,100,0.0327
1980,MAY,MAIZE,100,0.0405
1980,JUNE,MAIZE,100,0.0589
1980,JULY,MAIZE,100,0.0622
1980,AUGUST,MAIZE,100,0.0396
1980,SEPTEMBER,MAIZE,100,0.0485
1980,OCTOBER,MAIZE,100,0.0383
1980,NOVEMBER,MAIZE,100,0.0431
1980,DECEMBER,MAIZE,100,0.0619
1981,JANUARY,MAIZE,100,0.0605
1981,FEBRUARY,MAIZE,100,0.0639
1981,MARCH,MAIZE,100,0.071
1981,APRIL,MAIZE,100,0.0862
1981,MAY,MAIZE,100,0.1
1981,JUNE,MAIZE,100,0.1
1981,JULY,MAIZE,100,0.0874
1981,AUGUST,MAIZE,100,0.0824
1981,SEPTEMBER,MAIZE,100,0.0512
1981,OCTOBER,MAIZE,100,0.0701
1981,NOVEMBER,MAIZE,100,0.0877
1981,DECEMBER,MAIZE,100,0.0633
1982,JANUARY,MAIZE,100,0.0656
1982,FEBRUARY,MAIZE,100,0.0555
1982,MARCH,MAIZE,100,0.0555
1982,APRIL,MAIZE,100,0.0569
1982,MAY,MAIZE,100,0.0903
1982,JUNE,MAIZE,100,0.0921
1982,JULY,MAIZE,100,0.1
1982,AUGUST,MAIZE,100,0.0794
1982,SEPTEMBER,MAIZE,100,0.0731
1982,OCTOBER,MAIZE,100,0.0844
1982,NOVEMBER,MAIZE,100,0.0962
1982,DECEMBER,MAIZE,100,0.11
1983,JANUARY,MAIZE,100,0.14
1983,FEBRUARY,MAIZE,100,0.38
1983,MARCH,MAIZE,100,0.29
1983,APRIL,MAIZE,100,0.54
1983,MAY,MAIZE,100,0.68
1983,JUNE,MAIZE,100,0.78
1983,JULY,MAIZE,100,0.53
1983,AUGUST,MAIZE,100,0.27
1983,SEPTEMBER,MAIZE,100,0.21
1983,OCTOBER,MAIZE,100,0.25
1983,NOVEMBER,MAIZE,100,0.24
1983,DECEMBER,MAIZE,100,0.3
1984,JANUARY,MAIZE,100,0.34
1984,FEBRUARY,MAIZE,100,0.33
1984,MARCH,MAIZE,100,0.32
1984,APRIL,MAIZE,100,0.38
1984,MAY,MAIZE,100,0.34
1984,JUNE,MAIZE,100,0.32
1984,JULY,MAIZE,100,0.21
1984,AUGUST,MAIZE,100,0.14
1984,SEPTEMBER,MAIZE,100,0.0955
1984,OCTOBER,MAIZE,100,0.12
1984,NOVEMBER,MAIZE,100,0.11
1984,DECEMBER,MAIZE,100,0.11
1985,JANUARY,MAIZE,100,0.16
1985,FEBRUARY,MAIZE,100,0.16
1985,MARCH,MAIZE,100,0.16
1985,APRIL,MAIZE,100,0.21
1985,MAY,MAIZE,100,0.22
1985,JUNE,MAIZE,100,0.22
1985,JULY,MAIZE,100,0.25
1985,AUGUST,MAIZE,100,0.2
1985,SEPTEMBER,MAIZE,100,0.16
1985,OCTOBER,MAIZE,100,0.19
1985,NOVEMBER,MAIZE,100,0.29
1985,DECEMBER,MAIZE,100,0.23
1986,JANUARY,MAIZE,100,0.26
1986,FEBRUARY,MAIZE,100,0.3
1986,MARCH,MAIZE,100,0.34
1986,APRIL,MAIZE,100,0.4
1986,MAY,MAIZE,100,0.39
1986,JUNE,MAIZE,100,0.44
1986,JULY,MAIZE,100,0.37
1986,AUGUST,MAIZE,100,0.29
1986,SEPTEMBER,MAIZE,100,0.24
1986,OCTOBER,MAIZE,100,0.28
1986,NOVEMBER,MAIZE,100,0.32
1986,DECEMBER,MAIZE,100,0.34
1987,JANUARY,MAIZE,100,0.37
1987,FEBRUARY,MAIZE,100,0.38
1987,MARCH,MAIZE,100,0.46
1987,APRIL,MAIZE,100,0.53
1987,MAY,MAIZE,100,0.6
1987,JUNE,MAIZE,100,0.79
1987,JULY,MAIZE,100,0.58
1987,AUGUST,MAIZE,100,0.52
1987,SEPTEMBER,MAIZE,100,0.47
1987,OCTOBER,MAIZE,100,0.54
1987,NOVEMBER,MAIZE,100,0.6
1987,DECEMBER,MAIZE,100,0.63
1988,JANUARY,MAIZE,100,0.62
1988,FEBRUARY,MAIZE,100,0.71
1988,MARCH,MAIZE,100,0.9
1988,APRIL,MAIZE,100,0.9
1988,MAY,MAIZE,100,0.98
1988,JUNE,MAIZE,100,0.94
1988,JULY,MAIZE,100,0.78
1988,AUGUST,MAIZE,100,0.5
1988,SEPTEMBER,MAIZE,100,0.44
1988,OCTOBER,MAIZE,100,0.43
1988,NOVEMBER,MAIZE,100,0.5
1988,DECEMBER,MAIZE,100,0.54
1989,JANUARY,MAIZE,100,0.55
1989,FEBRUARY,MAIZE,100,0.59
1989,MARCH,MAIZE,100,0.65
1989,APRIL,MAIZE,100,0.67
1989,MAY,MAIZE,100,0.7
1989,JUNE,MAIZE,100,0.61
1989,JULY,MAIZE,100,0.56
1989,AUGUST,MAIZE,100,0.47
1989,SEPTEMBER,MAIZE,100,0.37
1989,OCTOBER,MAIZE,100,0.38
1989,NOVEMBER,MAIZE,100,0.47
1989,DECEMBER,MAIZE,100,0.49
1990,JANUARY,MAIZE,100,0.52
1990,FEBRUARY,MAIZE,100,0.56
1990,MARCH,MAIZE,100,0.6
1990,APRIL,MAIZE,100,0.75
1990,MAY,MAIZE,100,0.95
1990,JUNE,MAIZE,100,1.01
1990,JULY,MAIZE,100,1.41
1990,AUGUST,MAIZE,100,1.01
1990,SEPTEMBER,MAIZE,100,0.7
1990,OCTOBER,MAIZE,100,0.7
1990,NOVEMBER,MAIZE,100,1.06
1990,DECEMBER,MAIZE,100,1.09
1991,JANUARY,MAIZE,100,1.08
1991,FEBRUARY,MAIZE,100,1.09
1991,MARCH,MAIZE,100,1.17
1991,APRIL,MAIZE,100,1.28
1991,MAY,MAIZE,100,1.19
1991,JUNE,MAIZE,100,1.15
1991,JULY,MAIZE,100,1.05
1991,AUGUST,MAIZE,100,0.73
1991,SEPTEMBER,MAIZE,100,0.62
1991,OCTOBER,MAIZE,100,0.64
1991,NOVEMBER,MAIZE,100,0.65
1991,DECEMBER,MAIZE,100,0.69
1992,JANUARY,MAIZE,100,0.78
1992,FEBRUARY,MAIZE,100,0.86
1992,MARCH,MAIZE,100,1.01
1992,APRIL,MAIZE,100,1.17
1992,MAY,MAIZE,100,1.2
1992,JUNE,MAIZE,100,1.3
1992,JULY,MAIZE,100,1.31
1992,AUGUST,MAIZE,100,0.92
1992,SEPTEMBER,MAIZE,100,0.76
1992,OCTOBER,MAIZE,100,0.76
1992,NOVEMBER,MAIZE,100,0.97
1992,DECEMBER,MAIZE,100,1.03
1993,JANUARY,MAIZE,100,1.14
1993,FEBRUARY,MAIZE,100,1.17
1993,MARCH,MAIZE,100,1.17
1993,APRIL,MAIZE,100,1.26
1993,MAY,MAIZE,100,1.34
1993,JUNE,MAIZE,100,1.28
1993,JULY,MAIZE,100,1.21
1993,AUGUST,MAIZE,100,1
1993,SEPTEMBER,MAIZE,100,0.82
1993,OCTOBER,MAIZE,100,0.86
1993,NOVEMBER,MAIZE,100,1.01
1993,DECEMBER,MAIZE,100,1.05
1994,JANUARY,MAIZE,100,1.09
1994,FEBRUARY,MAIZE,100,1.14
1994,MARCH,MAIZE,100,1.25
1994,APRIL,MAIZE,100,1.34
1994,MAY,MAIZE,100,1.55
1994,JUNE,MAIZE,100,1.66
1994,JULY,MAIZE,100,1.66
1994,AUGUST,MAIZE,100,1.39
1994,SEPTEMBER,MAIZE,100,1.21
1994,OCTOBER,MAIZE,100,1.27
1994,NOVEMBER,MAIZE,100,1.52
1994,DECEMBER,MAIZE,100,1.55
1995,JANUARY,MAIZE,100,2.1
1995,FEBRUARY,MAIZE,100,2.3
1995,MARCH,MAIZE,100,2.64
1995,APRIL,MAIZE,100,2.96
1995,MAY,MAIZE,100,3.07
1995,JUNE,MAIZE,100,3.3
1995,JULY,MAIZE,100,2.86
1995,AUGUST,MAIZE,100,1.88
1995,SEPTEMBER,MAIZE,100,1.59
1995,OCTOBER,MAIZE,100,1.91
1995,NOVEMBER,MAIZE,100,2.41
1995,DECEMBER,MAIZE,100,2.63
1996,JANUARY,MAIZE,100,2.55
1996,FEBRUARY,MAIZE,100,2.66
1996,MARCH,MAIZE,100,2.8
1996,APRIL,MAIZE,100,2.8
1996,MAY,MAIZE,100,3.02
1996,JUNE,MAIZE,100,3.62
1996,JULY,MAIZE,100,3.53
1996,AUGUST,MAIZE,100,3.46
1996,SEPTEMBER,MAIZE,100,3.02
1996,OCTOBER,MAIZE,100,3.52
1996,NOVEMBER,MAIZE,100,3.9
1996,DECEMBER,MAIZE,100,4.49
1997,JANUARY,MAIZE,100,5.2
1997,FEBRUARY,MAIZE,100,5.63
1997,MARCH,MAIZE,100,6.18
1997,APRIL,MAIZE,100,7.87
1997,MAY,MAIZE,100,7.79
1997,JUNE,MAIZE,100,7.75
1997,JULY,MAIZE,100,7.3
1997,AUGUST,MAIZE,100,5.68
1997,SEPTEMBER,MAIZE,100,4.89
1997,OCTOBER,MAIZE,100,5.47
1997,NOVEMBER,MAIZE,100,6.4
1997,DECEMBER,MAIZE,100,7.04
1998,JANUARY,MAIZE,100,7.1
1998,FEBRUARY,MAIZE,100,7.23
1998,MARCH,MAIZE,100,7.26
1998,APRIL,MAIZE,100,7.21
1998,MAY,MAIZE,100,6.43
1998,JUNE,MAIZE,100,6.65
1998,JULY,MAIZE,100,6.08
1998,AUGUST,MAIZE,100,5.98
1998,SEPTEMBER,MAIZE,100,4.45
1998,OCTOBER,MAIZE,100,3.6
1998,NOVEMBER,MAIZE,100,4.32
1998,DECEMBER,MAIZE,100,4.85
1998,JANUARY,MAIZE,100,4.51
1999,FEBRUARY,MAIZE,100,4.43
1999,MARCH,MAIZE,100,4.51
1999,APRIL,MAIZE,100,4.58
1999,MAY,MAIZE,100,4.61
1999,JUNE,MAIZE,100,4.38
1999,JULY,MAIZE,100,4.93
1999,AUGUST,MAIZE,100,4.6
1999,SEPTEMBER,MAIZE,100,3.77
1999,OCTOBER,MAIZE,100,3.94
1999,NOVEMBER,MAIZE,100,5.02
1999,DECEMBER,MAIZE,100,4.92
2000,JANUARY,MAIZE,100,5.61
2000,FEBRUARY,MAIZE,100,5.73
2000,MARCH,MAIZE,100,7.36
2000,APRIL,MAIZE,100,9.45
2000,MAY,MAIZE,100,10.8
2000,JUNE,MAIZE,100,10.87
2000,JULY,MAIZE,100,11.79
2000,AUGUST,MAIZE,100,11.75
2000,SEPTEMBER,MAIZE,100,8.35
2000,OCTOBER,MAIZE,100,8.1
2000,NOVEMBER,MAIZE,100,11.66
2000,DECEMBER,MAIZE,100,10.91
2001,JANUARY,MAIZE,100,12.9
2001,FEBRUARY,MAIZE,100,13.24
2001,MARCH,MAIZE,100,14.69
2001,APRIL,MAIZE,100,17.77
2001,MAY,MAIZE,100,18.72
2001,JUNE,MAIZE,100,18.15
2001,JULY,MAIZE,100,18.95
2001,AUGUST,MAIZE,100,18.2
2001,SEPTEMBER,MAIZE,100,9.78
2001,OCTOBER,MAIZE,100,10.27
2001,NOVEMBER,MAIZE,100,12.46
2001,DECEMBER,MAIZE,100,15.07
2002,JANUARY,MAIZE,100,14.45
2002,FEBRUARY,MAIZE,100,14.05
2002,MARCH,MAIZE,100,14.16
2002,APRIL,MAIZE,100,14.61
2002,MAY,MAIZE,100,15.37
2002,JUNE,MAIZE,100,16.21
2002,JULY,MAIZE,100,15.15
2002,AUGUST,MAIZE,100,12.7
2002,SEPTEMBER,MAIZE,100,10.3
2002,OCTOBER,MAIZE,100,10.25
2002,NOVEMBER,MAIZE,100,11.28
2002,DECEMBER,MAIZE,100,12.46
2003,JANUARY,MAIZE,100,13.98
2003,FEBRUARY,MAIZE,100,14.19
2003,MARCH,MAIZE,100,14.69
2003,APRIL,MAIZE,100,14.17
2003,MAY,MAIZE,100,15.44
2003,JUNE,MAIZE,100,17.63
2003,JULY,MAIZE,100,17.22
2003,AUGUST,MAIZE,100,15.44
2003,SEPTEMBER,MAIZE,100,12.97
2003,OCTOBER,MAIZE,100,13.18
2003,NOVEMBER,MAIZE,100,14.96
2003,DECEMBER,MAIZE,100,15.77
2004,JANUARY,MAIZE,100,18.14
2004,FEBRUARY,MAIZE,100,17.37
2004,MARCH,MAIZE,100,18.08
2004,APRIL,MAIZE,100,19.1
2004,MAY,MAIZE,100,20.39
2004,JUNE,MAIZE,100,21.66
2004,JULY,MAIZE,100,24.73
2004,AUGUST,MAIZE,100,23.59
2004,SEPTEMBER,MAIZE,100,20.88
2004,OCTOBER,MAIZE,100,20.3
2004,NOVEMBER,MAIZE,100,23.7
2004,DECEMBER,MAIZE,100,26.3
2005,JANUARY,MAIZE,100,24.97
2005,FEBRUARY,MAIZE,100,27.38
2005,MARCH,MAIZE,100,30.68
2005,APRIL,MAIZE,100,36.62
2005,MAY,MAIZE,100,43.25
2005,JUNE,MAIZE,100,45.03
2005,JULY,MAIZE,100,41.92
2005,AUGUST,MAIZE,100,33.54
2005,SEPTEMBER,MAIZE,100,28.53
2005,OCTOBER,MAIZE,100,28.5
2005,NOVEMBER,MAIZE,100,30.68
2005,DECEMBER,MAIZE,100,27.87
2006,JANUARY,MAIZE,100,28
2006,FEBRUARY,MAIZE,100,26.72
2006,MARCH,MAIZE,100,24.4
2006,APRIL,MAIZE,100,25.6
2006,MAY,MAIZE,100,27.4
2006,JUNE,MAIZE,100,27.34
2006,JULY,MAIZE,100,24.81
2006,AUGUST,MAIZE,100,21.72
2006,SEPTEMBER,MAIZE,100,18.12
2006,OCTOBER,MAIZE,100,16.58
2006,NOVEMBER,MAIZE,100,18.05
2006,DECEMBER,MAIZE,100,21.21
2007,JANUARY,MAIZE,100,8.752
2007,FEBRUARY,MAIZE,100,8.155
2007,MARCH,MAIZE,100,7.977
2007,APRIL,MAIZE,100,9.582
2007,MAY,MAIZE,100,9.457
2007,JUNE,MAIZE,100,9.525
2007,JULY,MAIZE,100,13.926
2007,AUGUST,MAIZE,100,11.438
2007,SEPTEMBER,MAIZE,100,10.815
2007,OCTOBER,MAIZE,100,12.401
2007,NOVEMBER,MAIZE,100,14.719
2007,DECEMBER,MAIZE,100,14.719
2008,JANUARY,MAIZE,100,13.694
2008,FEBRUARY,MAIZE,100,13.066
2008,MARCH,MAIZE,100,14.043
2008,APRIL,MAIZE,100,14.947
2008,MAY,MAIZE,100,14.808
2008,JUNE,MAIZE,100,14.64
2008,JULY,MAIZE,100,14.471
2008,AUGUST,MAIZE,100,14.627
2008,SEPTEMBER,MAIZE,100,14.887
2008,OCTOBER,MAIZE,100,15.009
2008,NOVEMBER,MAIZE,100,14.413
2008,DECEMBER,MAIZE,100,13.746
2009,JANUARY,MAIZE,100,11.844
2009,FEBRUARY,MAIZE,100,13.96
2009,MARCH,MAIZE,100,14.787
2009,APRIL,MAIZE,100,14.668
2009,MAY,MAIZE,100,15.225
2009,JUNE,MAIZE,100,15.354
2009,JULY,MAIZE,100,14.673
2009,AUGUST,MAIZE,100,14.192
2009,SEPTEMBER,MAIZE,100,15.967
2009,OCTOBER,MAIZE,100,14.826
2009,NOVEMBER,MAIZE,100,15.093
2009,DECEMBER,MAIZE,100,14.996
2010,JANUARY,MAIZE,100,15.69
2010,FEBRUARY,MAIZE,100,16.731
2010,MARCH,MAIZE,100,16.413
2010,APRIL,MAIZE,100,16.886
2010,MAY,MAIZE,100,17.179
2010,JUNE,MAIZE,100,16.717
2010,JULY,MAIZE,100,18.938
2010,AUGUST,MAIZE,100,17.925
2010,SEPTEMBER,MAIZE,100,16.924
2010,OCTOBER,MAIZE,100,18.119
2010,NOVEMBER,MAIZE,100,18.126
2010,DECEMBER,MAIZE,100,17.053
2011,JANUARY,MAIZE,100,16.166
2011,FEBRUARY,MAIZE,100,16.074
2011,MARCH,MAIZE,100,17.686
2011,APRIL,MAIZE,100,17.882
2011,MAY,MAIZE,100,18.346
2011,JUNE,MAIZE,100,18.5
2011,JULY,MAIZE,100,18.293
2011,AUGUST,MAIZE,100,18.601
2011,SEPTEMBER,MAIZE,100,17.713
2011,OCTOBER,MAIZE,100,18.737
2011,NOVEMBER,MAIZE,100,21.587
2011,DECEMBER,MAIZE,100,20.701
2012,JANUARY,MAIZE,100,21.248
2012,FEBRUARY,MAIZE,100,23.779
2012,MARCH,MAIZE,100,26.468
2012,APRIL,MAIZE,100,28.212
2012,MAY,MAIZE,100,28.16
2012,JUNE,MAIZE,100,30.669
2012,JULY,MAIZE,100,35.352
2012,AUGUST,MAIZE,100,33.701
2012,SEPTEMBER,MAIZE,100,34.191
2012,OCTOBER,MAIZE,100,33.935
2012,NOVEMBER,MAIZE,100,35.035
2012,DECEMBER,MAIZE,100,35.575
2013,JANUARY,MAIZE,100,33.436
2013,FEBRUARY,MAIZE,100,34.731
2013,MARCH,MAIZE,100,35.125
2013,APRIL,MAIZE,100,34.793
2013,MAY,MAIZE,100,36.11
2013,JUNE,MAIZE,100,42.802
2013,JULY,MAIZE,100,44.508
2013,AUGUST,MAIZE,100,47.169
2013,SEPTEMBER,MAIZE,100,46.624
2013,OCTOBER,MAIZE,100,50.594
2013,NOVEMBER,MAIZE,100,53.694
2013,DECEMBER,MAIZE,100,53.457
2013,JANUARY,MAIZE,100,58.915
2014,FEBRUARY,MAIZE,100,60.24
2014,MARCH,MAIZE,100,61.642
2014,APRIL,MAIZE,100,67.175
2014,MAY,MAIZE,100,75.221
2014,JUNE,MAIZE,100,72.394
2014,JULY,MAIZE,100,74.468
2014,AUGUST,MAIZE,100,73.971
2014,SEPTEMBER,MAIZE,100,74.867
2014,OCTOBER,MAIZE,100,76.93
2014,NOVEMBER,MAIZE,100,63.083
2014,DECEMBER,MAIZE,100,80.115
2015,JANUARY,MAIZE,100,68.35
2015,FEBRUARY,MAIZE,100,77.906
2015,MARCH,MAIZE,100,74.915
2015,APRIL,MAIZE,100,83.917
2015,MAY,MAIZE,100,90.354
2015,JUNE,MAIZE,100,93
2015,JULY,MAIZE,100,90.86
2015,AUGUST,MAIZE,100,98.88
2015,SEPTEMBER,MAIZE,100,94.4
2015,OCTOBER,MAIZE,100,95
2015,NOVEMBER,MAIZE,100,91.2
2015,DECEMBER,MAIZE,100,87.5
2016,JANUARY,MAIZE,100,77.788
2016,FEBRUARY,MAIZE,100,76.362
2016,MARCH,MAIZE,100,84.896
2016,APRIL,MAIZE,100,76.821
2016,MAY,MAIZE,100,70.038
2016,JUNE,MAIZE,100,65.6
2016,JULY,MAIZE,100,74.312
2016,AUGUST,MAIZE,100,70.407
2016,SEPTEMBER,MAIZE,100,72.442
2016,OCTOBER,MAIZE,100,71.59
2016,NOVEMBER,MAIZE,100,50.167
2016,DECEMBER,MAIZE,100,76.843
2017,JANUARY,MAIZE,100,75.292
2017,FEBRUARY,MAIZE,100,75.741
2017,MARCH,MAIZE,100,77.793
2017,APRIL,MAIZE,100,86.067
2017,MAY,MAIZE,100,89.875
2017,JUNE,MAIZE,100,91.654
2017,JULY,MAIZE,100,95.748
2017,AUGUST,MAIZE,100,111.3411
2017,SEPTEMBER,MAIZE,100,116.54
2017,OCTOBER,MAIZE,100,117.17
2017,NOVEMBER,MAIZE,100,154.117
2017,DECEMBER,MAIZE,100,162.327
1990,JANUARY,MILLET,93,166.03
1990,FEBRUARY,MILLET,93,176.78
1990,MARCH,MILLET,93,175.45
1990,APRIL,MILLET,93,193.42
1990,MAY,MILLET,93,215.77
1990,JUNE,MILLET,93,219.56
1990,JULY,MILLET,93,223.5
1990,AUGUST,MILLET,93,230
1990,SEPTEMBER,MILLET,93,231.11
1990,OCTOBER,MILLET,93,233
1990,NOVEMBER,MILLET,93,245.61
1990,DECEMBER,MILLET,93,255
1991,JANUARY,MILLET,93,187.1
1991,FEBRUARY,MILLET,93,195.13
1991,MARCH,MILLET,93,199.92
1991,APRIL,MILLET,93,204.93
1991,MAY,MILLET,93,211.32
1991,JUNE,MILLET,93,207.72
1991,JULY,MILLET,93,200.44
1991,AUGUST,MILLET,93,217.01
1991,SEPTEMBER,MILLET,93,214.73
1991,OCTOBER,MILLET,93,224.59
1991,NOVEMBER,MILLET,93,230.41
1991,DECEMBER,MILLET,93,217.56
1992,JANUARY,MILLET,93,206.47
1992,FEBRUARY,MILLET,93,210.71
1992,MARCH,MILLET,93,212.12
1992,APRIL,MILLET,93,207.7
1992,MAY,MILLET,93,201.9
1992,JUNE,MILLET,93,235.97
1992,JULY,MILLET,93,226.59
1992,AUGUST,MILLET,93,220.16
1992,SEPTEMBER,MILLET,93,221.54
1992,OCTOBER,MILLET,93,217
1992,NOVEMBER,MILLET,93,199.01
1992,DECEMBER,MILLET,93,196.34
1993,JANUARY,MILLET,93,213.02
1993,FEBRUARY,MILLET,93,210.94
1993,MARCH,MILLET,93,226.24
1993,APRIL,MILLET,93,220.09
1993,MAY,MILLET,93,239.69
1993,JUNE,MILLET,93,227.44
1993,JULY,MILLET,93,247.89
1993,AUGUST,MILLET,93,263.7
1993,SEPTEMBER,MILLET,93,275.44
1993,OCTOBER,MILLET,93,285
1993,NOVEMBER,MILLET,93,294
1993,DECEMBER,MILLET,93,306
1994,JANUARY,MILLET,93,301.62
1994,FEBRUARY,MILLET,93,312.13
1994,MARCH,MILLET,93,344.07
1994,APRIL,MILLET,93,371.27
1994,MAY,MILLET,93,409.09
1994,JUNE,MILLET,93,465.67
1994,JULY,MILLET,93,478.02
1994,AUGUST,MILLET,93,483.16
1994,SEPTEMBER,MILLET,93,469.4
1994,OCTOBER,MILLET,93,479.5
1994,NOVEMBER,MILLET,93,493.33
1994,DECEMBER,MILLET,93,407.44
1995,JANUARY,MILLET,93,410
1995,FEBRUARY,MILLET,93,409.35
1995,MARCH,MILLET,93,417.43
1995,APRIL,MILLET,93,386.14
1995,MAY,MILLET,93,418.43
1995,JUNE,MILLET,93,435.4
1995,JULY,MILLET,93,428.65
1995,AUGUST,MILLET,93,425.78
1995,SEPTEMBER,MILLET,93,400.97
1995,OCTOBER,MILLET,93,373.7
1995,NOVEMBER,MILLET,93,353.63
1995,DECEMBER,MILLET,93,396.93
1996,JANUARY,MILLET,93,0.02
1996,FEBRUARY,MILLET,93,0.02
1996,MARCH,MILLET,93,0.02
1996,APRIL,MILLET,93,0.03
1996,MAY,MILLET,93,0.03
1996,JUNE,MILLET,93,0.03
1996,JULY,MILLET,93,0.03
1996,AUGUST,MILLET,93,0.03
1996,SEPTEMBER,MILLET,93,0.02
1996,OCTOBER,MILLET,93,0.03
1996,NOVEMBER,MILLET,93,0.02
1996,DECEMBER,MILLET,93,0.03
1997,JANUARY,MILLET,93,0.02
1997,FEBRUARY,MILLET,93,0.02
1997,MARCH,MILLET,93,0.02
1997,APRIL,MILLET,93,0.03
1997,MAY,MILLET,93,0.03
1997,JUNE,MILLET,93,0.03
1997,JULY,MILLET,93,0.03
1997,AUGUST,MILLET,93,0.03
1997,SEPTEMBER,MILLET,93,0.03
1997,OCTOBER,MILLET,93,0.03
1997,NOVEMBER,MILLET,93,0.03
1997,DECEMBER,MILLET,93,0.03
1998,JANUARY,MILLET,93,0.03
1998,FEBRUARY,MILLET,93,0.03
1998,MARCH,MILLET,93,0.03
1998,APRIL,MILLET,93,0.03
1998,MAY,MILLET,93,0.04
1998,JUNE,MILLET,93,0.03
1998,JULY,MILLET,93,0.04
1998,AUGUST,MILLET,93,0.04
1998,SEPTEMBER,MILLET,93,0.04
1998,OCTOBER,MILLET,93,0.04
1998,NOVEMBER,MILLET,93,0.04
1998,DECEMBER,MILLET,93,0.04
1998,JANUARY,MILLET,93,0.04
1999,FEBRUARY,MILLET,93,0.04
1999,MARCH,MILLET,93,0.04
1999,APRIL,MILLET,93,0.04
1999,MAY,MILLET,93,0.04
1999,JUNE,MILLET,93,0.05
1999,JULY,MILLET,93,0.04
1999,AUGUST,MILLET,93,0.05
1999,SEPTEMBER,MILLET,93,0.04
1999,OCTOBER,MILLET,93,0.04
1999,NOVEMBER,MILLET,93,0.04
1999,DECEMBER,MILLET,93,0.04
2000,JANUARY,MILLET,93,0.04
2000,FEBRUARY,MILLET,93,0.04
2000,MARCH,MILLET,93,0.04
2000,APRIL,MILLET,93,0.05
2000,MAY,MILLET,93,0.05
2000,JUNE,MILLET,93,0.05
2000,JULY,MILLET,93,0.05
2000,AUGUST,MILLET,93,0.05
2000,SEPTEMBER,MILLET,93,0.05
2000,OCTOBER,MILLET,93,0.05
2000,NOVEMBER,MILLET,93,0.05
2000,DECEMBER,MILLET,93,0.05
2001,JANUARY,MILLET,93,0.05
2001,FEBRUARY,MILLET,93,0.05
2001,MARCH,MILLET,93,0.05
2001,APRIL,MILLET,93,0.05
2001,MAY,MILLET,93,0.05
2001,JUNE,MILLET,93,0.05
2001,JULY,MILLET,93,0.06
2001,AUGUST,MILLET,93,0.07
2001,SEPTEMBER,MILLET,93,0.07
2001,OCTOBER,MILLET,93,0.08
2001,NOVEMBER,MILLET,93,0.09
2001,DECEMBER,MILLET,93,0.09
2002,JANUARY,MILLET,93,0.1
2002,FEBRUARY,MILLET,93,0.1
2002,MARCH,MILLET,93,0.1
2002,APRIL,MILLET,93,0.11
2002,MAY,MILLET,93,0.11
2002,JUNE,MILLET,93,0.13
2002,JULY,MILLET,93,0.14
2002,AUGUST,MILLET,93,0.14
2002,SEPTEMBER,MILLET,93,0.17
2002,OCTOBER,MILLET,93,0.16
2002,NOVEMBER,MILLET,93,0.16
2002,DECEMBER,MILLET,93,0.16
2003,JANUARY,MILLET,93,0.16
2003,FEBRUARY,MILLET,93,0.16
2003,MARCH,MILLET,93,0.18
2003,APRIL,MILLET,93,0.19
2003,MAY,MILLET,93,0.18
2003,JUNE,MILLET,93,0.23
2003,JULY,MILLET,93,0.25
2003,AUGUST,MILLET,93,0.2
2003,SEPTEMBER,MILLET,93,0.17
2003,OCTOBER,MILLET,93,0.15
2003,NOVEMBER,MILLET,93,0.14
2003,DECEMBER,MILLET,93,0.19
2004,JANUARY,MILLET,93,0.3
2004,FEBRUARY,MILLET,93,0.3
2004,MARCH,MILLET,93,0.22
2004,APRIL,MILLET,93,0.22
2004,MAY,MILLET,93,0.24
2004,JUNE,MILLET,93,0.23
2004,JULY,MILLET,93,0.25
2004,AUGUST,MILLET,93,0.21
2004,SEPTEMBER,MILLET,93,0.31
2004,OCTOBER,MILLET,93,0.25
2004,NOVEMBER,MILLET,93,0.29
2004,DECEMBER,MILLET,93,0.29
2005,JANUARY,MILLET,93,0.25
2005,FEBRUARY,MILLET,93,0.25
2005,MARCH,MILLET,93,0.28
2005,APRIL,MILLET,93,0.27
2005,MAY,MILLET,93,0.31
2005,JUNE,MILLET,93,0.4
2005,JULY,MILLET,93,0.22
2005,AUGUST,MILLET,93,0.25
2005,SEPTEMBER,MILLET,93,0.27
2005,OCTOBER,MILLET,93,0.29
2005,NOVEMBER,MILLET,93,0.28
2005,DECEMBER,MILLET,93,0.29
2006,JANUARY,MILLET,93,0.34
2006,FEBRUARY,MILLET,93,0.34
2006,MARCH,MILLET,93,0.42
2006,APRIL,MILLET,93,0.56
2006,MAY,MILLET,93,0.53
2006,JUNE,MILLET,93,0.66
2006,JULY,MILLET,93,0.7
2006,AUGUST,MILLET,93,0.89
2006,SEPTEMBER,MILLET,93,0.93
2006,OCTOBER,MILLET,93,0.69
2006,NOVEMBER,MILLET,93,0.51
2006,DECEMBER,MILLET,93,0.61
2007,JANUARY,MILLET,93,0.769
2007,FEBRUARY,MILLET,93,0.78
2007,MARCH,MILLET,93,0.854
2007,APRIL,MILLET,93,1.277
2007,MAY,MILLET,93,1.1
2007,JUNE,MILLET,93,1.171
2007,JULY,MILLET,93,0.138
2007,AUGUST,MILLET,93,2.197
2007,SEPTEMBER,MILLET,93,1.559
2007,OCTOBER,MILLET,93,1.714
2007,NOVEMBER,MILLET,93,1.473
2007,DECEMBER,MILLET,93,1.075
2008,JANUARY,MILLET,93,0.9
2008,FEBRUARY,MILLET,93,0.914
2008,MARCH,MILLET,93,1.092
2008,APRIL,MILLET,93,0.131
2008,MAY,MILLET,93,1.824
2008,JUNE,MILLET,93,1.662
2008,JULY,MILLET,93,3.097
2008,AUGUST,MILLET,93,3.367
2008,SEPTEMBER,MILLET,93,2.584
2008,OCTOBER,MILLET,93,2.857
2008,NOVEMBER,MILLET,93,2.401
2008,DECEMBER,MILLET,93,2.277
2009,JANUARY,MILLET,93,4.3
2009,FEBRUARY,MILLET,93,4.308
2009,MARCH,MILLET,93,3.317
2009,APRIL,MILLET,93,5.812
2009,MAY,MILLET,93,7.617
2009,JUNE,MILLET,93,7.194
2009,JULY,MILLET,93,8.333
2009,AUGUST,MILLET,93,8.075
2009,SEPTEMBER,MILLET,93,7.683
2009,OCTOBER,MILLET,93,6.244
2009,NOVEMBER,MILLET,93,6.717
2009,DECEMBER,MILLET,93,6.225
2010,JANUARY,MILLET,93,8.25
2010,FEBRUARY,MILLET,93,8.189
2010,MARCH,MILLET,93,7.417
2010,APRIL,MILLET,93,7.011
2010,MAY,MILLET,93,8.181
2010,JUNE,MILLET,93,8.363
2010,JULY,MILLET,93,8.018
2010,AUGUST,MILLET,93,6.64
2010,SEPTEMBER,MILLET,93,5.756
2010,OCTOBER,MILLET,93,4.382
2010,NOVEMBER,MILLET,93,4.591
2010,DECEMBER,MILLET,93,4.718
2011,JANUARY,MILLET,93,5.35
2011,FEBRUARY,MILLET,93,5.368
2011,MARCH,MILLET,93,5.291
2011,APRIL,MILLET,93,5.105
2011,MAY,MILLET,93,4.486
2011,JUNE,MILLET,93,5.157
2011,JULY,MILLET,93,5.854
2011,AUGUST,MILLET,93,5.844
2011,SEPTEMBER,MILLET,93,5.552
2011,OCTOBER,MILLET,93,5.461
2011,NOVEMBER,MILLET,93,5.085
2011,DECEMBER,MILLET,93,4.287
2012,JANUARY,MILLET,93,5.5
2012,FEBRUARY,MILLET,93,5.819
2012,MARCH,MILLET,93,5.645
2012,APRIL,MILLET,93,5.919
2012,MAY,MILLET,93,5.76
2012,JUNE,MILLET,93,6.354
2012,JULY,MILLET,93,6.748
2012,AUGUST,MILLET,93,1.094
2012,SEPTEMBER,MILLET,93,8.155
2012,OCTOBER,MILLET,93,8.153
2012,NOVEMBER,MILLET,93,7.734
2012,DECEMBER,MILLET,93,7.394
2013,JANUARY,MILLET,93,9.075
2013,FEBRUARY,MILLET,93,9.173
2013,MARCH,MILLET,93,9.544
2013,APRIL,MILLET,93,10.485
2013,MAY,MILLET,93,11.953
2013,JUNE,MILLET,93,12.219
2013,JULY,MILLET,93,13.193
2013,AUGUST,MILLET,93,11.071
2013,SEPTEMBER,MILLET,93,10.751
2013,OCTOBER,MILLET,93,10.949
2013,NOVEMBER,MILLET,93,9.968
2013,DECEMBER,MILLET,93,9.684
2013,JANUARY,MILLET,93,16.45
2014,FEBRUARY,MILLET,93,16.591
2014,MARCH,MILLET,93,19.583
2014,APRIL,MILLET,93,22.441
2014,MAY,MILLET,93,25.795
2014,JUNE,MILLET,93,27.012
2014,JULY,MILLET,93,22.614
2014,AUGUST,MILLET,93,18.882
2014,SEPTEMBER,MILLET,93,16.837
2014,OCTOBER,MILLET,93,13.406
2014,NOVEMBER,MILLET,93,15.677
2014,DECEMBER,MILLET,93,18.023
2015,JANUARY,MILLET,93,16.57
2015,FEBRUARY,MILLET,93,16.591
2015,MARCH,MILLET,93,19.583
2015,APRIL,MILLET,93,22.441
2015,MAY,MILLET,93,25.795
2015,JUNE,MILLET,93,27.012
2015,JULY,MILLET,93,22.614
2015,AUGUST,MILLET,93,18.882
2015,SEPTEMBER,MILLET,93,16.837
2015,OCTOBER,MILLET,93,13.406
2015,NOVEMBER,MILLET,93,19.677
2015,DECEMBER,MILLET,93,18.223
2016,JANUARY,MILLET,93,19.8
2016,FEBRUARY,MILLET,93,19.2
2016,MARCH,MILLET,93,19.21
2016,APRIL,MILLET,93,19.25
2016,MAY,MILLET,93,18.663
2016,JUNE,MILLET,93,18.337
2016,JULY,MILLET,93,20.5
2016,AUGUST,MILLET,93,18.944
2016,SEPTEMBER,MILLET,93,18.379
2016,OCTOBER,MILLET,93,15.352
2016,NOVEMBER,MILLET,93,18.695
2016,DECEMBER,MILLET,93,18.408
2017,JANUARY,MILLET,93,18
2017,FEBRUARY,MILLET,93,18.285
2017,MARCH,MILLET,93,19.848
2017,APRIL,MILLET,93,18.078
2017,MAY,MILLET,93,20.13
2017,JUNE,MILLET,93,19.706
2017,JULY,MILLET,93,20.151
2017,AUGUST,MILLET,93,20.03
2017,SEPTEMBER,MILLET,93,19.383
2017,OCTOBER,MILLET,93,19.253
2017,NOVEMBER,MILLET,93,18.969
2017,DECEMBER,MILLET,93,18.933
1970,JANUARY,LOCAL RICE,100,19.56
1970,FEBRUARY,LOCAL RICE,100,19.591
1970,MARCH,LOCAL RICE,100,20.081
1970,APRIL,LOCAL RICE,100,20.73
1970,MAY,LOCAL RICE,100,21.483
1970,JUNE,LOCAL RICE,100,21.539
1970,JULY,LOCAL RICE,100,21.253
1970,AUGUST,LOCAL RICE,100,21.088
1970,SEPTEMBER,LOCAL RICE,100,22.727
1970,OCTOBER,LOCAL RICE,100,22.694
1970,NOVEMBER,LOCAL RICE,100,22.502
1970,DECEMBER,LOCAL RICE,100,21.435
1971,JANUARY,LOCAL RICE,100,25
1971,FEBRUARY,LOCAL RICE,100,25.101
1971,MARCH,LOCAL RICE,100,25.542
1971,APRIL,LOCAL RICE,100,26.243
1971,MAY,LOCAL RICE,100,26.911
1971,JUNE,LOCAL RICE,100,29.381
1971,JULY,LOCAL RICE,100,29.152
1971,AUGUST,LOCAL RICE,100,29.663
1971,SEPTEMBER,LOCAL RICE,100,28.468
1971,OCTOBER,LOCAL RICE,100,29.16
1971,NOVEMBER,LOCAL RICE,100,27.603
1971,DECEMBER,LOCAL RICE,100,26.974
1972,JANUARY,LOCAL RICE,100,27.5
1972,FEBRUARY,LOCAL RICE,100,28.117
1972,MARCH,LOCAL RICE,100,29.016
1972,APRIL,LOCAL RICE,100,30.727
1972,MAY,LOCAL RICE,100,31.848
1972,JUNE,LOCAL RICE,100,33.889
1972,JULY,LOCAL RICE,100,36.906
1972,AUGUST,LOCAL RICE,100,37.378
1972,SEPTEMBER,LOCAL RICE,100,38.453
1972,OCTOBER,LOCAL RICE,100,39.277
1972,NOVEMBER,LOCAL RICE,100,42.261
1972,DECEMBER,LOCAL RICE,100,46.58
1973,JANUARY,LOCAL RICE,100,47.5
1973,FEBRUARY,LOCAL RICE,100,48.5
1973,MARCH,LOCAL RICE,100,51.132
1973,APRIL,LOCAL RICE,100,51.627
1973,MAY,LOCAL RICE,100,53.736
1973,JUNE,LOCAL RICE,100,58.822
1973,JULY,LOCAL RICE,100,60.809
1973,AUGUST,LOCAL RICE,100,58.581
1973,SEPTEMBER,LOCAL RICE,100,56.986
1973,OCTOBER,LOCAL RICE,100,59.281
1973,NOVEMBER,LOCAL RICE,100,59.294
1973,DECEMBER,LOCAL RICE,100,59
1974,JANUARY,LOCAL RICE,100,67.9
1974,FEBRUARY,LOCAL RICE,100,68.346
1974,MARCH,LOCAL RICE,100,68.471
1974,APRIL,LOCAL RICE,100,70.95
1974,MAY,LOCAL RICE,100,72.555
1974,JUNE,LOCAL RICE,100,79.879
1974,JULY,LOCAL RICE,100,81.053
1974,AUGUST,LOCAL RICE,100,88.156
1974,SEPTEMBER,LOCAL RICE,100,92.497
1974,OCTOBER,LOCAL RICE,100,95.148
1974,NOVEMBER,LOCAL RICE,100,94.039
1974,DECEMBER,LOCAL RICE,100,91.986
1975,JANUARY,LOCAL RICE,100,94.2
1975,FEBRUARY,LOCAL RICE,100,93.977
1975,MARCH,LOCAL RICE,100,98.009
1975,APRIL,LOCAL RICE,100,97.569
1975,MAY,LOCAL RICE,100,100.179
1975,JUNE,LOCAL RICE,100,104.764
1975,JULY,LOCAL RICE,100,107.655
1975,AUGUST,LOCAL RICE,100,105.5
1975,SEPTEMBER,LOCAL RICE,100,112.004
1975,OCTOBER,LOCAL RICE,100,115.364
1975,NOVEMBER,LOCAL RICE,100,115.364
1975,DECEMBER,LOCAL RICE,100,115.364
1976,JANUARY,LOCAL RICE,100,97.5
1976,FEBRUARY,LOCAL RICE,100,98.4
1976,MARCH,LOCAL RICE,100,132.851
1976,APRIL,LOCAL RICE,100,129.25
1976,MAY,LOCAL RICE,100,122.716
1976,JUNE,LOCAL RICE,100,114.13
1976,JULY,LOCAL RICE,100,104.4
1976,AUGUST,LOCAL RICE,100,103.43
1976,SEPTEMBER,LOCAL RICE,100,100
1976,OCTOBER,LOCAL RICE,100,102
1976,NOVEMBER,LOCAL RICE,100,108
1976,DECEMBER,LOCAL RICE,100,100
1977,JANUARY,LOCAL RICE,100,113.45
1977,FEBRUARY,LOCAL RICE,100,113.954
1977,MARCH,LOCAL RICE,100,108.809
1977,APRIL,LOCAL RICE,100,113.16
1977,MAY,LOCAL RICE,100,115.756
1977,JUNE,LOCAL RICE,100,116.696
1977,JULY,LOCAL RICE,100,115.643
1977,AUGUST,LOCAL RICE,100,118.218
1977,SEPTEMBER,LOCAL RICE,100,117.668
1977,OCTOBER,LOCAL RICE,100,120.433
1977,NOVEMBER,LOCAL RICE,100,122.72
1977,DECEMBER,LOCAL RICE,100,114.443
1978,JANUARY,LOCAL RICE,100,119.5
1978,FEBRUARY,LOCAL RICE,100,120.294
1978,MARCH,LOCAL RICE,100,121.851
1978,APRIL,LOCAL RICE,100,135.264
1978,MAY,LOCAL RICE,100,143.808
1978,JUNE,LOCAL RICE,100,145.873
1978,JULY,LOCAL RICE,100,157.087
1978,AUGUST,LOCAL RICE,100,161.547
1978,SEPTEMBER,LOCAL RICE,100,205.526
1978,OCTOBER,LOCAL RICE,100,187.5
1978,NOVEMBER,LOCAL RICE,100,252.435
1978,DECEMBER,LOCAL RICE,100,256.625
1979,JANUARY,LOCAL RICE,100,246.25
1979,FEBRUARY,LOCAL RICE,100,270.693
1979,MARCH,LOCAL RICE,100,289.712
1979,APRIL,LOCAL RICE,100,290.739
1979,MAY,LOCAL RICE,100,289.863
1979,JUNE,LOCAL RICE,100,287.002
1979,JULY,LOCAL RICE,100,291.805
1979,AUGUST,LOCAL RICE,100,260
1979,SEPTEMBER,LOCAL RICE,100,265.567
1979,OCTOBER,LOCAL RICE,100,124.58
1979,NOVEMBER,LOCAL RICE,100,216.445
1979,DECEMBER,LOCAL RICE,100,225.417
1980,JANUARY,LOCAL RICE,100,255.2
1980,FEBRUARY,LOCAL RICE,100,256
1980,MARCH,LOCAL RICE,100,271.1
1980,APRIL,LOCAL RICE,100,276.6
1980,MAY,LOCAL RICE,100,289.303
1980,JUNE,LOCAL RICE,100,281.864
1980,JULY,LOCAL RICE,100,282.035
1980,AUGUST,LOCAL RICE,100,271.822
1980,SEPTEMBER,LOCAL RICE,100,267.176
1980,OCTOBER,LOCAL RICE,100,290.583
1980,NOVEMBER,LOCAL RICE,100,291.246
1980,DECEMBER,LOCAL RICE,100,291.855
1981,JANUARY,LOCAL RICE,100,309.704
1981,FEBRUARY,LOCAL RICE,100,315.824
1981,MARCH,LOCAL RICE,100,288.786
1981,APRIL,LOCAL RICE,100,295.97
1981,MAY,LOCAL RICE,100,300.6
1981,JUNE,LOCAL RICE,100,336.3
1981,JULY,LOCAL RICE,100,348.512
1981,AUGUST,LOCAL RICE,100,322.13
1981,SEPTEMBER,LOCAL RICE,100,335.1
1981,OCTOBER,LOCAL RICE,100,337.9
1981,NOVEMBER,LOCAL RICE,100,345.99
1981,DECEMBER,LOCAL RICE,100,322.21
1982,JANUARY,LOCAL RICE,100,360.32
1982,FEBRUARY,LOCAL RICE,100,357.571
1982,MARCH,LOCAL RICE,100,386.3
1982,APRIL,LOCAL RICE,100,390.075
1982,MAY,LOCAL RICE,100,422.58
1982,JUNE,LOCAL RICE,100,444.5
1982,JULY,LOCAL RICE,100,451.23
1982,AUGUST,LOCAL RICE,100,466.57
1982,SEPTEMBER,LOCAL RICE,100,478.17
1982,OCTOBER,LOCAL RICE,100,467
1982,NOVEMBER,LOCAL RICE,100,443
1982,DECEMBER,LOCAL RICE,100,428
1983,JANUARY,LOCAL RICE,100,458.91
1983,FEBRUARY,LOCAL RICE,100,481.58
1983,MARCH,LOCAL RICE,100,515.39
1983,APRIL,LOCAL RICE,100,497.7
1983,MAY,LOCAL RICE,100,540.21
1983,JUNE,LOCAL RICE,100,544.68
1983,JULY,LOCAL RICE,100,547.36
1983,AUGUST,LOCAL RICE,100,563.28
1983,SEPTEMBER,LOCAL RICE,100,526.05
1983,OCTOBER,LOCAL RICE,100,523.14
1983,NOVEMBER,LOCAL RICE,100,559
1983,DECEMBER,LOCAL RICE,100,533.43
1984,JANUARY,LOCAL RICE,100,514.68
1984,FEBRUARY,LOCAL RICE,100,539.7
1984,MARCH,LOCAL RICE,100,519
1984,APRIL,LOCAL RICE,100,567.79
1984,MAY,LOCAL RICE,100,577.66
1984,JUNE,LOCAL RICE,100,565
1984,JULY,LOCAL RICE,100,574.89
1984,AUGUST,LOCAL RICE,100,550.5
1984,SEPTEMBER,LOCAL RICE,100,550.88
1984,OCTOBER,LOCAL RICE,100,522
1984,NOVEMBER,LOCAL RICE,100,542.55
1984,DECEMBER,LOCAL RICE,100,577.73
1985,JANUARY,LOCAL RICE,100,0.02
1985,FEBRUARY,LOCAL RICE,100,0.01
1985,MARCH,LOCAL RICE,100,0.01
1985,APRIL,LOCAL RICE,100,0.02
1985,MAY,LOCAL RICE,100,0.02
1985,JUNE,LOCAL RICE,100,0.02
1985,JULY,LOCAL RICE,100,0.02
1985,AUGUST,LOCAL RICE,100,0.02
1985,SEPTEMBER,LOCAL RICE,100,0.02
1985,OCTOBER,LOCAL RICE,100,0.02
1985,NOVEMBER,LOCAL RICE,100,0.02
1985,DECEMBER,LOCAL RICE,100,0.02
1986,JANUARY,LOCAL RICE,100,0.02
1986,FEBRUARY,LOCAL RICE,100,0.02
1986,MARCH,LOCAL RICE,100,0.02
1986,APRIL,LOCAL RICE,100,0.02
1986,MAY,LOCAL RICE,100,0.02
1986,JUNE,LOCAL RICE,100,0.02
1986,JULY,LOCAL RICE,100,0.02
1986,AUGUST,LOCAL RICE,100,0.02
1986,SEPTEMBER,LOCAL RICE,100,0.02
1986,OCTOBER,LOCAL RICE,100,0.02
1986,NOVEMBER,LOCAL RICE,100,0.02
1986,DECEMBER,LOCAL RICE,100,0.02
1987,JANUARY,LOCAL RICE,100,0.02
1987,FEBRUARY,LOCAL RICE,100,0.02
1987,MARCH,LOCAL RICE,100,0.02
1987,APRIL,LOCAL RICE,100,0.02
1987,MAY,LOCAL RICE,100,0.02
1987,JUNE,LOCAL RICE,100,0.02
1987,JULY,LOCAL RICE,100,0.02
1987,AUGUST,LOCAL RICE,100,0.02
1987,SEPTEMBER,LOCAL RICE,100,0.02
1987,OCTOBER,LOCAL RICE,100,0.02
1987,NOVEMBER,LOCAL RICE,100,0.02
1987,DECEMBER,LOCAL RICE,100,0.02
1988,JANUARY,LOCAL RICE,100,0.03
1988,FEBRUARY,LOCAL RICE,100,0.02
1988,MARCH,LOCAL RICE,100,0.02
1988,APRIL,LOCAL RICE,100,0.02
1988,MAY,LOCAL RICE,100,0.02
1988,JUNE,LOCAL RICE,100,0.03
1988,JULY,LOCAL RICE,100,0.03
1988,AUGUST,LOCAL RICE,100,0.03
1988,SEPTEMBER,LOCAL RICE,100,0.03
1988,OCTOBER,LOCAL RICE,100,0.03
1988,NOVEMBER,LOCAL RICE,100,0.03
1988,DECEMBER,LOCAL RICE,100,0.03
1989,JANUARY,LOCAL RICE,100,0.03
1989,FEBRUARY,LOCAL RICE,100,0.03
1989,MARCH,LOCAL RICE,100,0.03
1989,APRIL,LOCAL RICE,100,0.03
1989,MAY,LOCAL RICE,100,0.03
1989,JUNE,LOCAL RICE,100,0.03
1989,JULY,LOCAL RICE,100,0.03
1989,AUGUST,LOCAL RICE,100,0.03
1989,SEPTEMBER,LOCAL RICE,100,0.03
1989,OCTOBER,LOCAL RICE,100,0.03
1989,NOVEMBER,LOCAL RICE,100,0.03
1989,DECEMBER,LOCAL RICE,100,0.03
1990,JANUARY,LOCAL RICE,100,0.03
1990,FEBRUARY,LOCAL RICE,100,0.03
1990,MARCH,LOCAL RICE,100,0.03
1990,APRIL,LOCAL RICE,100,0.03
1990,MAY,LOCAL RICE,100,0.03
1990,JUNE,LOCAL RICE,100,0.03
1990,JULY,LOCAL RICE,100,0.03
1990,AUGUST,LOCAL RICE,100,0.03
1990,SEPTEMBER,LOCAL RICE,100,0.03
1990,OCTOBER,LOCAL RICE,100,0.03
1990,NOVEMBER,LOCAL RICE,100,0.03
1990,DECEMBER,LOCAL RICE,100,0.03
1991,JANUARY,LOCAL RICE,100,0.05
1991,FEBRUARY,LOCAL RICE,100,0.05
1991,MARCH,LOCAL RICE,100,0.05
1991,APRIL,LOCAL RICE,100,0.06
1991,MAY,LOCAL RICE,100,0.06
1991,JUNE,LOCAL RICE,100,0.07
1991,JULY,LOCAL RICE,100,0.08
1991,AUGUST,LOCAL RICE,100,0.09
1991,SEPTEMBER,LOCAL RICE,100,0.09
1991,OCTOBER,LOCAL RICE,100,0.1
1991,NOVEMBER,LOCAL RICE,100,0.09
1991,DECEMBER,LOCAL RICE,100,0.1
1992,JANUARY,LOCAL RICE,100,0.11
1992,FEBRUARY,LOCAL RICE,100,0.1
1992,MARCH,LOCAL RICE,100,0.1
1992,APRIL,LOCAL RICE,100,0.15
1992,MAY,LOCAL RICE,100,0.15
1992,JUNE,LOCAL RICE,100,0.22
1992,JULY,LOCAL RICE,100,0.2
1992,AUGUST,LOCAL RICE,100,0.22
1992,SEPTEMBER,LOCAL RICE,100,0.19
1992,OCTOBER,LOCAL RICE,100,0.19
1992,NOVEMBER,LOCAL RICE,100,0.16
1992,DECEMBER,LOCAL RICE,100,0.18
1993,JANUARY,LOCAL RICE,100,0.18
1993,FEBRUARY,LOCAL RICE,100,0.12
1993,MARCH,LOCAL RICE,100,0.12
1993,APRIL,LOCAL RICE,100,0.18
1993,MAY,LOCAL RICE,100,0.2
1993,JUNE,LOCAL RICE,100,0.19
1993,JULY,LOCAL RICE,100,0.21
1993,AUGUST,LOCAL RICE,100,0.19
1993,SEPTEMBER,LOCAL RICE,100,0.19
1993,OCTOBER,LOCAL RICE,100,0.18
1993,NOVEMBER,LOCAL RICE,100,0.19
1993,DECEMBER,LOCAL RICE,100,0.19
1994,JANUARY,LOCAL RICE,100,0.21
1994,FEBRUARY,LOCAL RICE,100,0.2
1994,MARCH,LOCAL RICE,100,0.2
1994,APRIL,LOCAL RICE,100,0.2
1994,MAY,LOCAL RICE,100,0.23
1994,JUNE,LOCAL RICE,100,0.22
1994,JULY,LOCAL RICE,100,0.2
1994,AUGUST,LOCAL RICE,100,0.2
1994,SEPTEMBER,LOCAL RICE,100,0.24
1994,OCTOBER,LOCAL RICE,100,0.26
1994,NOVEMBER,LOCAL RICE,100,0.25
1994,DECEMBER,LOCAL RICE,100,0.25
1995,JANUARY,LOCAL RICE,100,0.28
1995,FEBRUARY,LOCAL RICE,100,0.5
1995,MARCH,LOCAL RICE,100,0.38
1995,APRIL,LOCAL RICE,100,0.4
1995,MAY,LOCAL RICE,100,0.42
1995,JUNE,LOCAL RICE,100,0.52
1995,JULY,LOCAL RICE,100,0.67
1995,AUGUST,LOCAL RICE,100,0.81
1995,SEPTEMBER,LOCAL RICE,100,0.74
1995,OCTOBER,LOCAL RICE,100,0.74
1995,NOVEMBER,LOCAL RICE,100,0.83
1995,DECEMBER,LOCAL RICE,100,0.54
1996,JANUARY,LOCAL RICE,100,0.62
1996,FEBRUARY,LOCAL RICE,100,0.59
1996,MARCH,LOCAL RICE,100,0.7
1996,APRIL,LOCAL RICE,100,0.88
1996,MAY,LOCAL RICE,100,0.81
1996,JUNE,LOCAL RICE,100,0.86
1996,JULY,LOCAL RICE,100,0.88
1996,AUGUST,LOCAL RICE,100,1.28
1996,SEPTEMBER,LOCAL RICE,100,0.93
1996,OCTOBER,LOCAL RICE,100,0.98
1996,NOVEMBER,LOCAL RICE,100,1.27
1996,DECEMBER,LOCAL RICE,100,0.82
1997,JANUARY,LOCAL RICE,100,0.71
1997,FEBRUARY,LOCAL RICE,100,0.71
1997,MARCH,LOCAL RICE,100,0.75
1997,APRIL,LOCAL RICE,100,0.85
1997,MAY,LOCAL RICE,100,1.14
1997,JUNE,LOCAL RICE,100,1.18
1997,JULY,LOCAL RICE,100,1.36
1997,AUGUST,LOCAL RICE,100,1.72
1997,SEPTEMBER,LOCAL RICE,100,1.49
1997,OCTOBER,LOCAL RICE,100,1.47
1997,NOVEMBER,LOCAL RICE,100,1.4
1997,DECEMBER,LOCAL RICE,100,1.8
1998,JANUARY,LOCAL RICE,100,15.06
1998,FEBRUARY,LOCAL RICE,100,1.75
1998,MARCH,LOCAL RICE,100,2.22
1998,APRIL,LOCAL RICE,100,3.79
1998,MAY,LOCAL RICE,100,5.81
1998,JUNE,LOCAL RICE,100,5.86
1998,JULY,LOCAL RICE,100,6.92
1998,AUGUST,LOCAL RICE,100,5.93
1998,SEPTEMBER,LOCAL RICE,100,6.57
1998,OCTOBER,LOCAL RICE,100,5.55
1998,NOVEMBER,LOCAL RICE,100,5.73
1998,DECEMBER,LOCAL RICE,100,4.1
1998,JANUARY,LOCAL RICE,100,5.46
1999,FEBRUARY,LOCAL RICE,100,4.44
1999,MARCH,LOCAL RICE,100,4.61
1999,APRIL,LOCAL RICE,100,5.04
1999,MAY,LOCAL RICE,100,4.57
1999,JUNE,LOCAL RICE,100,4.59
1999,JULY,LOCAL RICE,100,5.15
1999,AUGUST,LOCAL RICE,100,4.78
1999,SEPTEMBER,LOCAL RICE,100,3.8
1999,OCTOBER,LOCAL RICE,100,4.44
1999,NOVEMBER,LOCAL RICE,100,3.62
1999,DECEMBER,LOCAL RICE,100,2.32
2000,JANUARY,LOCAL RICE,100,2.25
2000,FEBRUARY,LOCAL RICE,100,2.41
2000,MARCH,LOCAL RICE,100,2.8
2000,APRIL,LOCAL RICE,100,2.34
2000,MAY,LOCAL RICE,100,2.7
2000,JUNE,LOCAL RICE,100,2.55
2000,JULY,LOCAL RICE,100,2.54
2000,AUGUST,LOCAL RICE,100,2.54
2000,SEPTEMBER,LOCAL RICE,100,3.07
2000,OCTOBER,LOCAL RICE,100,2.88
2000,NOVEMBER,LOCAL RICE,100,3.3
2000,DECEMBER,LOCAL RICE,100,2.94
2001,JANUARY,LOCAL RICE,100,2.53
2001,FEBRUARY,LOCAL RICE,100,2.85
2001,MARCH,LOCAL RICE,100,3.11
2001,APRIL,LOCAL RICE,100,3.56
2001,MAY,LOCAL RICE,100,3.64
2001,JUNE,LOCAL RICE,100,4.4
2001,JULY,LOCAL RICE,100,4.31
2001,AUGUST,LOCAL RICE,100,5.88
2001,SEPTEMBER,LOCAL RICE,100,4.71
2001,OCTOBER,LOCAL RICE,100,4.52
2001,NOVEMBER,LOCAL RICE,100,3.72
2001,DECEMBER,LOCAL RICE,100,3.72
2002,JANUARY,LOCAL RICE,100,3.88
2002,FEBRUARY,LOCAL RICE,100,4.03
2002,MARCH,LOCAL RICE,100,4.45
2002,APRIL,LOCAL RICE,100,4.53
2002,MAY,LOCAL RICE,100,6.24
2002,JUNE,LOCAL RICE,100,5.91
2002,JULY,LOCAL RICE,100,6.19
2002,AUGUST,LOCAL RICE,100,6.81
2002,SEPTEMBER,LOCAL RICE,100,6.45
2002,OCTOBER,LOCAL RICE,100,8.47
2002,NOVEMBER,LOCAL RICE,100,6.87
2002,DECEMBER,LOCAL RICE,100,6.64
2003,JANUARY,LOCAL RICE,100,5.83
2003,FEBRUARY,LOCAL RICE,100,7.36
2003,MARCH,LOCAL RICE,100,8.32
2003,APRIL,LOCAL RICE,100,9.28
2003,MAY,LOCAL RICE,100,8.67
2003,JUNE,LOCAL RICE,100,10.12
2003,JULY,LOCAL RICE,100,0.85
2003,AUGUST,LOCAL RICE,100,10.29
2003,SEPTEMBER,LOCAL RICE,100,11.18
2003,OCTOBER,LOCAL RICE,100,10.24
2003,NOVEMBER,LOCAL RICE,100,9.87
2003,DECEMBER,LOCAL RICE,100,7.9
2004,JANUARY,LOCAL RICE,100,7.35
2004,FEBRUARY,LOCAL RICE,100,9.12
2004,MARCH,LOCAL RICE,100,9.8
2004,APRIL,LOCAL RICE,100,9.71
2004,MAY,LOCAL RICE,100,9.61
2004,JUNE,LOCAL RICE,100,10.12
2004,JULY,LOCAL RICE,100,9.71
2004,AUGUST,LOCAL RICE,100,11.08
2004,SEPTEMBER,LOCAL RICE,100,9.79
2004,OCTOBER,LOCAL RICE,100,10.44
2004,NOVEMBER,LOCAL RICE,100,9.38
2004,DECEMBER,LOCAL RICE,100,8.03
2005,JANUARY,LOCAL RICE,100,8.6
2005,FEBRUARY,LOCAL RICE,100,8.36
2005,MARCH,LOCAL RICE,100,8.38
2005,APRIL,LOCAL RICE,100,9.22
2005,MAY,LOCAL RICE,100,8.53
2005,JUNE,LOCAL RICE,100,10.12
2005,JULY,LOCAL RICE,100,11.55
2005,AUGUST,LOCAL RICE,100,11.47
2005,SEPTEMBER,LOCAL RICE,100,12.03
2005,OCTOBER,LOCAL RICE,100,11.86
2005,NOVEMBER,LOCAL RICE,100,13.34
2005,DECEMBER,LOCAL RICE,100,13.79
2006,JANUARY,LOCAL RICE,100,12.19
2006,FEBRUARY,LOCAL RICE,100,12.47
2006,MARCH,LOCAL RICE,100,13.05
2006,APRIL,LOCAL RICE,100,14.47
2006,MAY,LOCAL RICE,100,13.92
2006,JUNE,LOCAL RICE,100,13.83
2006,JULY,LOCAL RICE,100,14.16
2006,AUGUST,LOCAL RICE,100,14.25
2006,SEPTEMBER,LOCAL RICE,100,13.44
2006,OCTOBER,LOCAL RICE,100,14.33
2006,NOVEMBER,LOCAL RICE,100,13.02
2006,DECEMBER,LOCAL RICE,100,11.73
2007,JANUARY,LOCAL RICE,100,11.15
2007,FEBRUARY,LOCAL RICE,100,12.927
2007,MARCH,LOCAL RICE,100,13.929
2007,APRIL,LOCAL RICE,100,12.812
2007,MAY,LOCAL RICE,100,13.821
2007,JUNE,LOCAL RICE,100,15.249
2007,JULY,LOCAL RICE,100,15.705
2007,AUGUST,LOCAL RICE,100,15.247
2007,SEPTEMBER,LOCAL RICE,100,15.506
2007,OCTOBER,LOCAL RICE,100,16.323
2007,NOVEMBER,LOCAL RICE,100,16.327
2007,DECEMBER,LOCAL RICE,100,15.526
2008,JANUARY,LOCAL RICE,100,16.17
2008,FEBRUARY,LOCAL RICE,100,16.522
2008,MARCH,LOCAL RICE,100,17.279
2008,APRIL,LOCAL RICE,100,17.447
2008,MAY,LOCAL RICE,100,17.27
2008,JUNE,LOCAL RICE,100,16.648
2008,JULY,LOCAL RICE,100,18.234
2008,AUGUST,LOCAL RICE,100,17.782
2008,SEPTEMBER,LOCAL RICE,100,17.022
2008,OCTOBER,LOCAL RICE,100,17.076
2008,NOVEMBER,LOCAL RICE,100,16.23
2008,DECEMBER,LOCAL RICE,100,31.566
2009,JANUARY,LOCAL RICE,100,15.157
2009,FEBRUARY,LOCAL RICE,100,16.078
2009,MARCH,LOCAL RICE,100,17.135
2009,APRIL,LOCAL RICE,100,17.638
2009,MAY,LOCAL RICE,100,18.007
2009,JUNE,LOCAL RICE,100,17.876
2009,JULY,LOCAL RICE,100,17.784
2009,AUGUST,LOCAL RICE,100,18.104
2009,SEPTEMBER,LOCAL RICE,100,18.016
2009,OCTOBER,LOCAL RICE,100,18.442
2009,NOVEMBER,LOCAL RICE,100,20.389
2009,DECEMBER,LOCAL RICE,100,20.385
2010,JANUARY,LOCAL RICE,100,21.02
2010,FEBRUARY,LOCAL RICE,100,24.675
2010,MARCH,LOCAL RICE,100,27.127
2010,APRIL,LOCAL RICE,100,29.277
2010,MAY,LOCAL RICE,100,29.223
2010,JUNE,LOCAL RICE,100,30.313
2010,JULY,LOCAL RICE,100,33.093
2010,AUGUST,LOCAL RICE,100,32.607
2010,SEPTEMBER,LOCAL RICE,100,31.086
2010,OCTOBER,LOCAL RICE,100,32.371
2010,NOVEMBER,LOCAL RICE,100,33.424
2010,DECEMBER,LOCAL RICE,100,32.867
2011,JANUARY,LOCAL RICE,100,34.779
2011,FEBRUARY,LOCAL RICE,100,34.173
2011,MARCH,LOCAL RICE,100,33.646
2011,APRIL,LOCAL RICE,100,35.497
2011,MAY,LOCAL RICE,100,37.639
2011,JUNE,LOCAL RICE,100,43.201
2011,JULY,LOCAL RICE,100,44.825
2011,AUGUST,LOCAL RICE,100,48.72
2011,SEPTEMBER,LOCAL RICE,100,47.555
2011,OCTOBER,LOCAL RICE,100,53.078
2011,NOVEMBER,LOCAL RICE,100,56.585
2011,DECEMBER,LOCAL RICE,100,54.817
2012,JANUARY,LOCAL RICE,100,51.689
2012,FEBRUARY,LOCAL RICE,100,53.26
2012,MARCH,LOCAL RICE,100,59.907
2012,APRIL,LOCAL RICE,100,62.758
2012,MAY,LOCAL RICE,100,68.965
2012,JUNE,LOCAL RICE,100,68.141
2012,JULY,LOCAL RICE,100,66.775
2012,AUGUST,LOCAL RICE,100,68.677
2012,SEPTEMBER,LOCAL RICE,100,70.05
2012,OCTOBER,LOCAL RICE,100,74.253
2012,NOVEMBER,LOCAL RICE,100,77.223
2012,DECEMBER,LOCAL RICE,100,84.173
2013,JANUARY,LOCAL RICE,100,65.325
2013,FEBRUARY,LOCAL RICE,100,68.897
2013,MARCH,LOCAL RICE,100,73.675
2013,APRIL,LOCAL RICE,100,65.4
2013,MAY,LOCAL RICE,100,75.904
2013,JUNE,LOCAL RICE,100,80
2013,JULY,LOCAL RICE,100,95.585
2013,AUGUST,LOCAL RICE,100,90.685
2013,SEPTEMBER,LOCAL RICE,100,86.5
2013,OCTOBER,LOCAL RICE,100,85
2013,NOVEMBER,LOCAL RICE,100,86.8
2013,DECEMBER,LOCAL RICE,100,91.2
2013,JANUARY,LOCAL RICE,100,71.591
2014,FEBRUARY,LOCAL RICE,100,70.171
2014,MARCH,LOCAL RICE,100,65.718
2014,APRIL,LOCAL RICE,100,68.186
2014,MAY,LOCAL RICE,100,68.234
2014,JUNE,LOCAL RICE,100,60.97
2014,JULY,LOCAL RICE,100,71.291
2014,AUGUST,LOCAL RICE,100,71.56
2014,SEPTEMBER,LOCAL RICE,100,70.169
2014,OCTOBER,LOCAL RICE,100,62.167
2014,NOVEMBER,LOCAL RICE,100,60.632
2014,DECEMBER,LOCAL RICE,100,61.946
2015,JANUARY,LOCAL RICE,100,64.562
2015,FEBRUARY,LOCAL RICE,100,75.741
2015,MARCH,LOCAL RICE,100,70.759
2015,APRIL,LOCAL RICE,100,85.562
2015,MAY,LOCAL RICE,100,81.285
2015,JUNE,LOCAL RICE,100,81.156
2015,JULY,LOCAL RICE,100,9.25
2015,AUGUST,LOCAL RICE,100,101.25
2015,SEPTEMBER,LOCAL RICE,100,101.8751
2015,OCTOBER,LOCAL RICE,100,110.833
2015,NOVEMBER,LOCAL RICE,100,140
2015,DECEMBER,LOCAL RICE,100,170
2016,JANUARY,LOCAL RICE,100,160
2016,FEBRUARY,LOCAL RICE,100,171.116
2016,MARCH,LOCAL RICE,100,174.535
2016,APRIL,LOCAL RICE,100,180.916
2016,MAY,LOCAL RICE,100,197.5
2016,JUNE,LOCAL RICE,100,206
2016,JULY,LOCAL RICE,100,206.67
2016,AUGUST,LOCAL RICE,100,21.5
2016,SEPTEMBER,LOCAL RICE,100,235
2016,OCTOBER,LOCAL RICE,100,198.75
2016,NOVEMBER,LOCAL RICE,100,262.5
2016,DECEMBER,LOCAL RICE,100,260
2017,JANUARY,LOCAL RICE,100,203.783
2017,FEBRUARY,LOCAL RICE,100,189.832
2017,MARCH,LOCAL RICE,100,199.131
2017,APRIL,LOCAL RICE,100,214.273
2017,MAY,LOCAL RICE,100,218.31
2017,JUNE,LOCAL RICE,100,206.406
2017,JULY,LOCAL RICE,100,216.693
2017,AUGUST,LOCAL RICE,100,212.168
2017,SEPTEMBER,LOCAL RICE,100,211.274
2017,OCTOBER,LOCAL RICE,100,218.701
2017,NOVEMBER,LOCAL RICE,100,220.545
2017,DECEMBER,LOCAL RICE,100,207.815
1970,JANUARY,SORGHUM,109,198.869
1970,FEBRUARY,SORGHUM,109,204.56
1970,MARCH,SORGHUM,109,198.26
1970,APRIL,SORGHUM,109,205.632
1970,MAY,SORGHUM,109,204.796
1970,JUNE,SORGHUM,109,215.61
1970,JULY,SORGHUM,109,207.307
1970,AUGUST,SORGHUM,109,213.798
1970,SEPTEMBER,SORGHUM,109,209.079
1970,OCTOBER,SORGHUM,109,205.629
1970,NOVEMBER,SORGHUM,109,196.956
1970,DECEMBER,SORGHUM,109,192.275
1971,JANUARY,SORGHUM,109,324.276
1971,FEBRUARY,SORGHUM,109,215.521
1971,MARCH,SORGHUM,109,219.477
1971,APRIL,SORGHUM,109,225.554
1971,MAY,SORGHUM,109,226.591
1971,JUNE,SORGHUM,109,219.08
1971,JULY,SORGHUM,109,249.224
1971,AUGUST,SORGHUM,109,261.406
1971,SEPTEMBER,SORGHUM,109,279.281
1971,OCTOBER,SORGHUM,109,285
1971,NOVEMBER,SORGHUM,109,293
1971,DECEMBER,SORGHUM,109,316
1972,JANUARY,SORGHUM,109,304.02
1972,FEBRUARY,SORGHUM,109,313.73
1972,MARCH,SORGHUM,109,329.23
1972,APRIL,SORGHUM,109,369.995
1972,MAY,SORGHUM,109,409.01
1972,JUNE,SORGHUM,109,442.43
1972,JULY,SORGHUM,109,466.2
1972,AUGUST,SORGHUM,109,644.49
1972,SEPTEMBER,SORGHUM,109,436.4
1972,OCTOBER,SORGHUM,109,455.82
1972,NOVEMBER,SORGHUM,109,463.48
1972,DECEMBER,SORGHUM,109,401.13
1973,JANUARY,SORGHUM,109,395.6
1973,FEBRUARY,SORGHUM,109,373.29
1973,MARCH,SORGHUM,109,363.9
1973,APRIL,SORGHUM,109,375.42
1973,MAY,SORGHUM,109,384.4
1973,JUNE,SORGHUM,109,388.8
1973,JULY,SORGHUM,109,288.137
1973,AUGUST,SORGHUM,109,356.9
1973,SEPTEMBER,SORGHUM,109,356.5
1973,OCTOBER,SORGHUM,109,352.447
1973,NOVEMBER,SORGHUM,109,342.64
1973,DECEMBER,SORGHUM,109,371.561
1974,JANUARY,SORGHUM,109,0.032
1974,FEBRUARY,SORGHUM,109,0.031
1974,MARCH,SORGHUM,109,0.035
1974,APRIL,SORGHUM,109,0.037
1974,MAY,SORGHUM,109,0.04
1974,JUNE,SORGHUM,109,0.039
1974,JULY,SORGHUM,109,0.036
1974,AUGUST,SORGHUM,109,0.037
1974,SEPTEMBER,SORGHUM,109,0.031
1974,OCTOBER,SORGHUM,109,0.03
1974,NOVEMBER,SORGHUM,109,0.033
1974,DECEMBER,SORGHUM,109,0.035
1975,JANUARY,SORGHUM,109,0.037
1975,FEBRUARY,SORGHUM,109,0.039
1975,MARCH,SORGHUM,109,0.04
1975,APRIL,SORGHUM,109,0.034
1975,MAY,SORGHUM,109,0.051
1975,JUNE,SORGHUM,109,0.054
1975,JULY,SORGHUM,109,0.039
1975,AUGUST,SORGHUM,109,0.034
1975,SEPTEMBER,SORGHUM,109,0.03
1975,OCTOBER,SORGHUM,109,0.03
1975,NOVEMBER,SORGHUM,109,0.034
1975,DECEMBER,SORGHUM,109,0.042
1976,JANUARY,SORGHUM,109,0.038
1976,FEBRUARY,SORGHUM,109,0.044
1976,MARCH,SORGHUM,109,0.045
1976,APRIL,SORGHUM,109,0.051
1976,MAY,SORGHUM,109,0.061
1976,JUNE,SORGHUM,109,0.065
1976,JULY,SORGHUM,109,0.041
1976,AUGUST,SORGHUM,109,0.035
1976,SEPTEMBER,SORGHUM,109,0.031
1976,OCTOBER,SORGHUM,109,0.035
1976,NOVEMBER,SORGHUM,109,0.041
1976,DECEMBER,SORGHUM,109,0.044
1977,JANUARY,SORGHUM,109,0.045
1977,FEBRUARY,SORGHUM,109,0.053
1977,MARCH,SORGHUM,109,0.057
1977,APRIL,SORGHUM,109,0.06
1977,MAY,SORGHUM,109,0.067
1977,JUNE,SORGHUM,109,0.067
1977,JULY,SORGHUM,109,0.055
1977,AUGUST,SORGHUM,109,0.047
1977,SEPTEMBER,SORGHUM,109,0.043
1977,OCTOBER,SORGHUM,109,0.042
1977,NOVEMBER,SORGHUM,109,0.054
1977,DECEMBER,SORGHUM,109,0.063
1978,JANUARY,SORGHUM,109,0.068
1978,FEBRUARY,SORGHUM,109,0.07
1978,MARCH,SORGHUM,109,0.075
1978,APRIL,SORGHUM,109,0.077
1978,MAY,SORGHUM,109,0.081
1978,JUNE,SORGHUM,109,0.09
1978,JULY,SORGHUM,109,0.07
1978,AUGUST,SORGHUM,109,0.057
1978,SEPTEMBER,SORGHUM,109,0.053
1978,OCTOBER,SORGHUM,109,0.056
1978,NOVEMBER,SORGHUM,109,0.066
1978,DECEMBER,SORGHUM,109,0.073
1979,JANUARY,SORGHUM,109,0.083
1979,FEBRUARY,SORGHUM,109,0.088
1979,MARCH,SORGHUM,109,0.09
1979,APRIL,SORGHUM,109,0.089
1979,MAY,SORGHUM,109,0.106
1979,JUNE,SORGHUM,109,0.099
1979,JULY,SORGHUM,109,0.093
1979,AUGUST,SORGHUM,109,0.071
1979,SEPTEMBER,SORGHUM,109,0.073
1979,OCTOBER,SORGHUM,109,0.157
1979,NOVEMBER,SORGHUM,109,0.089
1979,DECEMBER,SORGHUM,109,0.105
1980,JANUARY,SORGHUM,109,0.123
1980,FEBRUARY,SORGHUM,109,0.106
1980,MARCH,SORGHUM,109,0.122
1980,APRIL,SORGHUM,109,0.138
1980,MAY,SORGHUM,109,0.136
1980,JUNE,SORGHUM,109,0.164
1980,JULY,SORGHUM,109,0.168
1980,AUGUST,SORGHUM,109,0.144
1980,SEPTEMBER,SORGHUM,109,0.139
1980,OCTOBER,SORGHUM,109,0.116
1980,NOVEMBER,SORGHUM,109,0.118
1980,DECEMBER,SORGHUM,109,0.182
1981,JANUARY,SORGHUM,109,0.28
1981,FEBRUARY,SORGHUM,109,0.2
1981,MARCH,SORGHUM,109,0.165
1981,APRIL,SORGHUM,109,0.295
1981,MAY,SORGHUM,109,0.291
1981,JUNE,SORGHUM,109,0.443
1981,JULY,SORGHUM,109,0.44
1981,AUGUST,SORGHUM,109,0.303
1981,SEPTEMBER,SORGHUM,109,0.245
1981,OCTOBER,SORGHUM,109,0.238
1981,NOVEMBER,SORGHUM,109,0.311
1981,DECEMBER,SORGHUM,109,0.282
1982,JANUARY,SORGHUM,109,0.388
1982,FEBRUARY,SORGHUM,109,0.416
1982,MARCH,SORGHUM,109,0.414
1982,APRIL,SORGHUM,109,0.502
1982,MAY,SORGHUM,109,0.59
1982,JUNE,SORGHUM,109,0.688
1982,JULY,SORGHUM,109,0.565
1982,AUGUST,SORGHUM,109,0.418
1982,SEPTEMBER,SORGHUM,109,0.351
1982,OCTOBER,SORGHUM,109,0.348
1982,NOVEMBER,SORGHUM,109,0.46
1982,DECEMBER,SORGHUM,109,0.518
1983,JANUARY,SORGHUM,109,0.32
1983,FEBRUARY,SORGHUM,109,0.541
1983,MARCH,SORGHUM,109,0.727
1983,APRIL,SORGHUM,109,0.653
1983,MAY,SORGHUM,109,0.83
1983,JUNE,SORGHUM,109,0.773
1983,JULY,SORGHUM,109,0.576
1983,AUGUST,SORGHUM,109,0.481
1983,SEPTEMBER,SORGHUM,109,0.407
1983,OCTOBER,SORGHUM,109,0.516
1983,NOVEMBER,SORGHUM,109,0.559
1983,DECEMBER,SORGHUM,109,0.636
1984,JANUARY,SORGHUM,109,0.693
1984,FEBRUARY,SORGHUM,109,0.689
1984,MARCH,SORGHUM,109,0.78
1984,APRIL,SORGHUM,109,0.894
1984,MAY,SORGHUM,109,0.875
1984,JUNE,SORGHUM,109,1.145
1984,JULY,SORGHUM,109,1.035
1984,AUGUST,SORGHUM,109,1.155
1984,SEPTEMBER,SORGHUM,109,1.139
1984,OCTOBER,SORGHUM,109,0.99
1984,NOVEMBER,SORGHUM,109,1.011
1984,DECEMBER,SORGHUM,109,1.08
1985,JANUARY,SORGHUM,109,1.072
1985,FEBRUARY,SORGHUM,109,1.187
1985,MARCH,SORGHUM,109,1.406
1985,APRIL,SORGHUM,109,1.562
1985,MAY,SORGHUM,109,1.668
1985,JUNE,SORGHUM,109,2.3
1985,JULY,SORGHUM,109,2.414
1985,AUGUST,SORGHUM,109,1.393
1985,SEPTEMBER,SORGHUM,109,1.287
1985,OCTOBER,SORGHUM,109,1.408
1985,NOVEMBER,SORGHUM,109,1.392
1985,DECEMBER,SORGHUM,109,1.448
1986,JANUARY,SORGHUM,109,1.923
1986,FEBRUARY,SORGHUM,109,1.266
1986,MARCH,SORGHUM,109,1.379
1986,APRIL,SORGHUM,109,1.779
1986,MAY,SORGHUM,109,2.586
1986,JUNE,SORGHUM,109,2.426
1986,JULY,SORGHUM,109,3.056
1986,AUGUST,SORGHUM,109,2.442
1986,SEPTEMBER,SORGHUM,109,2.075
1986,OCTOBER,SORGHUM,109,2.131
1986,NOVEMBER,SORGHUM,109,2.577
1986,DECEMBER,SORGHUM,109,2.236
1987,JANUARY,SORGHUM,109,3.171
1987,FEBRUARY,SORGHUM,109,3.92
1987,MARCH,SORGHUM,109,4.934
1987,APRIL,SORGHUM,109,6.518
1987,MAY,SORGHUM,109,6.448
1987,JUNE,SORGHUM,109,7.279
1987,JULY,SORGHUM,109,10.752
1987,AUGUST,SORGHUM,109,7.195
1987,SEPTEMBER,SORGHUM,109,7.371
1987,OCTOBER,SORGHUM,109,7.142
1987,NOVEMBER,SORGHUM,109,9.716
1987,DECEMBER,SORGHUM,109,9.788
1988,JANUARY,SORGHUM,109,1.205
1988,FEBRUARY,SORGHUM,109,10.092
1988,MARCH,SORGHUM,109,10.384
1988,APRIL,SORGHUM,109,9.408
1988,MAY,SORGHUM,109,9.967
1988,JUNE,SORGHUM,109,9.285
1988,JULY,SORGHUM,109,7.188
1988,AUGUST,SORGHUM,109,4.622
1988,SEPTEMBER,SORGHUM,109,5.101
1988,OCTOBER,SORGHUM,109,4.934
1988,NOVEMBER,SORGHUM,109,6.159
1988,DECEMBER,SORGHUM,109,5.18
1989,JANUARY,SORGHUM,109,6.713
1989,FEBRUARY,SORGHUM,109,5.889
1989,MARCH,SORGHUM,109,7.955
1989,APRIL,SORGHUM,109,10.185
1989,MAY,SORGHUM,109,7.202
1989,JUNE,SORGHUM,109,6.454
1989,JULY,SORGHUM,109,8.84
1989,AUGUST,SORGHUM,109,5.74
1989,SEPTEMBER,SORGHUM,109,5.551
1989,OCTOBER,SORGHUM,109,5.762
1989,NOVEMBER,SORGHUM,109,6.327
1989,DECEMBER,SORGHUM,109,5.141
1990,JANUARY,SORGHUM,109,6.873
1990,FEBRUARY,SORGHUM,109,6.758
1990,MARCH,SORGHUM,109,8.72
1990,APRIL,SORGHUM,109,8.704
1990,MAY,SORGHUM,109,8.85
1990,JUNE,SORGHUM,109,9.964
1990,JULY,SORGHUM,109,10.172
1990,AUGUST,SORGHUM,109,9.526
1990,SEPTEMBER,SORGHUM,109,8.824
1990,OCTOBER,SORGHUM,109,8.861
1990,NOVEMBER,SORGHUM,109,9.962
1990,DECEMBER,SORGHUM,109,10.928
1991,JANUARY,SORGHUM,109,6.917
1991,FEBRUARY,SORGHUM,109,10.221
1991,MARCH,SORGHUM,109,13.245
1991,APRIL,SORGHUM,109,10.486
1991,MAY,SORGHUM,109,11.953
1991,JUNE,SORGHUM,109,12.219
1991,JULY,SORGHUM,109,11.76
1991,AUGUST,SORGHUM,109,11.071
1991,SEPTEMBER,SORGHUM,109,10.751
1991,OCTOBER,SORGHUM,109,10.949
1991,NOVEMBER,SORGHUM,109,9.968
1991,DECEMBER,SORGHUM,109,9.684
1992,JANUARY,SORGHUM,109,16.568
1992,FEBRUARY,SORGHUM,109,16.591
1992,MARCH,SORGHUM,109,19.582
1992,APRIL,SORGHUM,109,22.441
1992,MAY,SORGHUM,109,25.795
1992,JUNE,SORGHUM,109,27.01
1992,JULY,SORGHUM,109,21.61
1992,AUGUST,SORGHUM,109,18.885
1992,SEPTEMBER,SORGHUM,109,16.83
1992,OCTOBER,SORGHUM,109,13.407
1992,NOVEMBER,SORGHUM,109,15.689
1992,DECEMBER,SORGHUM,109,18.23
1993,JANUARY,SORGHUM,109,19.201
1993,FEBRUARY,SORGHUM,109,21.409
1993,MARCH,SORGHUM,109,23.555
1993,APRIL,SORGHUM,109,26.179
1993,MAY,SORGHUM,109,28.802
1993,JUNE,SORGHUM,109,32.042
1993,JULY,SORGHUM,109,31.102
1993,AUGUST,SORGHUM,109,24.946
1993,SEPTEMBER,SORGHUM,109,18.61
1993,OCTOBER,SORGHUM,109,17.437
1993,NOVEMBER,SORGHUM,109,19.883
1993,DECEMBER,SORGHUM,109,20.032
1994,JANUARY,SORGHUM,109,22.347
1994,FEBRUARY,SORGHUM,109,24.844
1994,MARCH,SORGHUM,109,23.851
1994,APRIL,SORGHUM,109,30.331
1994,MAY,SORGHUM,109,37.781
1994,JUNE,SORGHUM,109,37.661
1994,JULY,SORGHUM,109,44.89
1994,AUGUST,SORGHUM,109,39.84
1994,SEPTEMBER,SORGHUM,109,23.02
1994,OCTOBER,SORGHUM,109,21.861
1994,NOVEMBER,SORGHUM,109,25.203
1994,DECEMBER,SORGHUM,109,29.599
1995,JANUARY,SORGHUM,109,30.079
1995,FEBRUARY,SORGHUM,109,31.432
1995,MARCH,SORGHUM,109,31.835
1995,APRIL,SORGHUM,109,34.923
1995,MAY,SORGHUM,109,37.553
1995,JUNE,SORGHUM,109,43.023
1995,JULY,SORGHUM,109,33.372
1995,AUGUST,SORGHUM,109,26.982
1995,SEPTEMBER,SORGHUM,109,21.079
1995,OCTOBER,SORGHUM,109,20.647
1995,NOVEMBER,SORGHUM,109,21.632
1995,DECEMBER,SORGHUM,109,21.074
1996,JANUARY,SORGHUM,109,23.458
1996,FEBRUARY,SORGHUM,109,24.107
1996,MARCH,SORGHUM,109,25.869
1996,APRIL,SORGHUM,109,31.808
1996,MAY,SORGHUM,109,35.234
1996,JUNE,SORGHUM,109,39.924
1996,JULY,SORGHUM,109,42.369
1996,AUGUST,SORGHUM,109,28.831
1996,SEPTEMBER,SORGHUM,109,21.722
1996,OCTOBER,SORGHUM,109,21.756
1996,NOVEMBER,SORGHUM,109,24.695
1996,DECEMBER,SORGHUM,109,29.07
1997,JANUARY,SORGHUM,109,31.387
1997,FEBRUARY,SORGHUM,109,35.129
1997,MARCH,SORGHUM,109,38.287
1997,APRIL,SORGHUM,109,45.055
1997,MAY,SORGHUM,109,50.629
1997,JUNE,SORGHUM,109,60.577
1997,JULY,SORGHUM,109,54.566
1997,AUGUST,SORGHUM,109,37.417
1997,SEPTEMBER,SORGHUM,109,29.652
1997,OCTOBER,SORGHUM,109,29.871
1997,NOVEMBER,SORGHUM,109,32.805
1997,DECEMBER,SORGHUM,109,35.805
1998,JANUARY,SORGHUM,109,39.947
1998,FEBRUARY,SORGHUM,109,46.182
1998,MARCH,SORGHUM,109,51.978
1998,APRIL,SORGHUM,109,59.057
1998,MAY,SORGHUM,109,62.03
1998,JUNE,SORGHUM,109,71.049
1998,JULY,SORGHUM,109,63.907
1998,AUGUST,SORGHUM,109,58.63
1998,SEPTEMBER,SORGHUM,109,46.23
1998,OCTOBER,SORGHUM,109,42.4
1998,NOVEMBER,SORGHUM,109,48.295
1998,DECEMBER,SORGHUM,109,50.018
1998,JANUARY,SORGHUM,109,62.848
1999,FEBRUARY,SORGHUM,109,67.097
1999,MARCH,SORGHUM,109,71.22
1999,APRIL,SORGHUM,109,88.462
1999,MAY,SORGHUM,109,108.973
1999,JUNE,SORGHUM,109,123.594
1999,JULY,SORGHUM,109,128.746
1999,AUGUST,SORGHUM,109,72.55
1999,SEPTEMBER,SORGHUM,109,57.687
1999,OCTOBER,SORGHUM,109,60.113
1999,NOVEMBER,SORGHUM,109,68.489
1999,DECEMBER,SORGHUM,109,76.843
2000,JANUARY,SORGHUM,109,85.925
2000,FEBRUARY,SORGHUM,109,91.551
2000,MARCH,SORGHUM,109,92.049
2000,APRIL,SORGHUM,109,100.461
2000,MAY,SORGHUM,109,117.041
2000,JUNE,SORGHUM,109,133.537
2000,JULY,SORGHUM,109,123.145
2000,AUGUST,SORGHUM,109,87.488
2000,SEPTEMBER,SORGHUM,109,71.52
2000,OCTOBER,SORGHUM,109,71.711
2000,NOVEMBER,SORGHUM,109,97.803
2000,DECEMBER,SORGHUM,109,97.611
2001,JANUARY,SORGHUM,109,104.233
2001,FEBRUARY,SORGHUM,109,113.571
2001,MARCH,SORGHUM,109,127.028
2001,APRIL,SORGHUM,109,153.994
2001,MAY,SORGHUM,109,173.003
2001,JUNE,SORGHUM,109,201.14
2001,JULY,SORGHUM,109,166.678
2001,AUGUST,SORGHUM,109,157.226
2001,SEPTEMBER,SORGHUM,109,125.781
2001,OCTOBER,SORGHUM,109,125.781
2001,NOVEMBER,SORGHUM,109,150.937
2001,DECEMBER,SORGHUM,109,105.656
2002,JANUARY,SORGHUM,109,135.954
2002,FEBRUARY,SORGHUM,109,181.212
2002,MARCH,SORGHUM,109,158.804
2002,APRIL,SORGHUM,109,168.611
2002,MAY,SORGHUM,109,208.156
2002,JUNE,SORGHUM,109,420
2002,JULY,SORGHUM,109,460
2002,AUGUST,SORGHUM,109,386.2
2002,SEPTEMBER,SORGHUM,109,210.5
2002,OCTOBER,SORGHUM,109,170
2002,NOVEMBER,SORGHUM,109,180
2002,DECEMBER,SORGHUM,109,195
2003,JANUARY,SORGHUM,109,171.662
2003,FEBRUARY,SORGHUM,109,190.487
2003,MARCH,SORGHUM,109,190.244
2003,APRIL,SORGHUM,109,206.363
2003,MAY,SORGHUM,109,218.177
2003,JUNE,SORGHUM,109,199.202
2003,JULY,SORGHUM,109,169.851
2003,AUGUST,SORGHUM,109,147.612
2003,SEPTEMBER,SORGHUM,109,130.303
2003,OCTOBER,SORGHUM,109,104.263
2003,NOVEMBER,SORGHUM,109,131.66
2003,DECEMBER,SORGHUM,109,137.382
2004,JANUARY,SORGHUM,109,149.471
2004,FEBRUARY,SORGHUM,109,153.279
2004,MARCH,SORGHUM,109,171.739
2004,APRIL,SORGHUM,109,203.53
2004,MAY,SORGHUM,109,218.481
2004,JUNE,SORGHUM,109,228.998
2004,JULY,SORGHUM,109,252.753
2004,AUGUST,SORGHUM,109,333.35
2004,SEPTEMBER,SORGHUM,109,214.9671
2004,OCTOBER,SORGHUM,109,198
2004,NOVEMBER,SORGHUM,109,228.1621
2004,DECEMBER,SORGHUM,109,230.68
2005,JANUARY,SORGHUM,109,253.173
2005,FEBRUARY,SORGHUM,109,278.776
2005,MARCH,SORGHUM,109,284.196
2005,APRIL,SORGHUM,109,327.745
2005,MAY,SORGHUM,109,424.474
2005,JUNE,SORGHUM,109,499.912
2005,JULY,SORGHUM,109,508.701
2005,AUGUST,SORGHUM,109,633
2005,SEPTEMBER,SORGHUM,109,331.567
2005,OCTOBER,SORGHUM,109,249.375
2005,NOVEMBER,SORGHUM,109,225.563
2005,DECEMBER,SORGHUM,109,273.513
2006,JANUARY,SORGHUM,109,359.778
2006,FEBRUARY,SORGHUM,109,401.551
2006,MARCH,SORGHUM,109,398.746
2006,APRIL,SORGHUM,109,441.892
2006,MAY,SORGHUM,109,497.867
2006,JUNE,SORGHUM,109,566.357
2006,JULY,SORGHUM,109,530.884
2006,AUGUST,SORGHUM,109,414.691
2006,SEPTEMBER,SORGHUM,109,319.212
2006,OCTOBER,SORGHUM,109,341.612
2006,NOVEMBER,SORGHUM,109,364.818
2006,DECEMBER,SORGHUM,109,402.639
2007,JANUARY,SORGHUM,109,441.266
2007,FEBRUARY,SORGHUM,109,471.985
2007,MARCH,SORGHUM,109,493.975
2007,APRIL,SORGHUM,109,493.084
2007,MAY,SORGHUM,109,530.184
2007,JUNE,SORGHUM,109,647.137
2007,JULY,SORGHUM,109,567.211
2007,AUGUST,SORGHUM,109,422.163
2007,SEPTEMBER,SORGHUM,109,370.36
2007,OCTOBER,SORGHUM,109,342.243
2007,NOVEMBER,SORGHUM,109,355.483
2007,DECEMBER,SORGHUM,109,427.757
2008,JANUARY,SORGHUM,109,493.15
2008,FEBRUARY,SORGHUM,109,477.016
2008,MARCH,SORGHUM,109,476.452
2008,APRIL,SORGHUM,109,563.877
2008,MAY,SORGHUM,109,624.502
2008,JUNE,SORGHUM,109,689.87
2008,JULY,SORGHUM,109,652.49
2008,AUGUST,SORGHUM,109,678.05
2008,SEPTEMBER,SORGHUM,109,418.7
2008,OCTOBER,SORGHUM,109,433
2008,NOVEMBER,SORGHUM,109,464
2008,DECEMBER,SORGHUM,109,521
2009,JANUARY,SORGHUM,109,525.61
2009,FEBRUARY,SORGHUM,109,541.6
2009,MARCH,SORGHUM,109,616.18
2009,APRIL,SORGHUM,109,735.26
2009,MAY,SORGHUM,109,771.23
2009,JUNE,SORGHUM,109,920.55
2009,JULY,SORGHUM,109,900.79
2009,AUGUST,SORGHUM,109,615.79
2009,SEPTEMBER,SORGHUM,109,538.41
2009,OCTOBER,SORGHUM,109,580.83
2009,NOVEMBER,SORGHUM,109,645.6
2009,DECEMBER,SORGHUM,109,598.31
2010,JANUARY,SORGHUM,109,608.63
2010,FEBRUARY,SORGHUM,109,655.5
2010,MARCH,SORGHUM,109,648
2010,APRIL,SORGHUM,109,728.47
2010,MAY,SORGHUM,109,807.45
2010,JUNE,SORGHUM,109,884.2
2010,JULY,SORGHUM,109,884.15
2010,AUGUST,SORGHUM,109,700.75
2010,SEPTEMBER,SORGHUM,109,609.01
2010,OCTOBER,SORGHUM,109,522.3
2010,NOVEMBER,SORGHUM,109,545.91
2010,DECEMBER,SORGHUM,109,625.73
2011,JANUARY,SORGHUM,109,0.01
2011,FEBRUARY,SORGHUM,109,0.01
2011,MARCH,SORGHUM,109,0.01
2011,APRIL,SORGHUM,109,0.01
2011,MAY,SORGHUM,109,0.01
2011,JUNE,SORGHUM,109,0.01
2011,JULY,SORGHUM,109,0.01
2011,AUGUST,SORGHUM,109,0.01
2011,SEPTEMBER,SORGHUM,109,0.01
2011,OCTOBER,SORGHUM,109,0.007
2011,NOVEMBER,SORGHUM,109,0.007
2011,DECEMBER,SORGHUM,109,0.007
2012,JANUARY,SORGHUM,109,0.01
2012,FEBRUARY,SORGHUM,109,0.01
2012,MARCH,SORGHUM,109,0.01
2012,APRIL,SORGHUM,109,0.01
2012,MAY,SORGHUM,109,0.01
2012,JUNE,SORGHUM,109,0.01
2012,JULY,SORGHUM,109,0.01
2012,AUGUST,SORGHUM,109,0.01
2012,SEPTEMBER,SORGHUM,109,0.01
2012,OCTOBER,SORGHUM,109,0.01
2012,NOVEMBER,SORGHUM,109,0.01
2012,DECEMBER,SORGHUM,109,0.01
2013,JANUARY,SORGHUM,109,0.008
2013,FEBRUARY,SORGHUM,109,0.008
2013,MARCH,SORGHUM,109,0.008
2013,APRIL,SORGHUM,109,0.009
2013,MAY,SORGHUM,109,0.009
2013,JUNE,SORGHUM,109,0.011
2013,JULY,SORGHUM,109,0.01
2013,AUGUST,SORGHUM,109,0.01
2013,SEPTEMBER,SORGHUM,109,0.01
2013,OCTOBER,SORGHUM,109,0.01
2013,NOVEMBER,SORGHUM,109,0.01
2013,DECEMBER,SORGHUM,109,0.01
2013,JANUARY,SORGHUM,109,0.01
2014,FEBRUARY,SORGHUM,109,0.01
2014,MARCH,SORGHUM,109,0.01
2014,APRIL,SORGHUM,109,0.01
2014,MAY,SORGHUM,109,0.01
2014,JUNE,SORGHUM,109,0.01
2014,JULY,SORGHUM,109,0.02
2014,AUGUST,SORGHUM,109,0.02
2014,SEPTEMBER,SORGHUM,109,0.02
2014,OCTOBER,SORGHUM,109,0.01
2014,NOVEMBER,SORGHUM,109,0.01
2014,DECEMBER,SORGHUM,109,0.01
2015,JANUARY,SORGHUM,109,0.01
2015,FEBRUARY,SORGHUM,109,0.01
2015,MARCH,SORGHUM,109,0.01
2015,APRIL,SORGHUM,109,0.01
2015,MAY,SORGHUM,109,0.013
2015,JUNE,SORGHUM,109,0.02
2015,JULY,SORGHUM,109,0.02
2015,AUGUST,SORGHUM,109,0.02
2015,SEPTEMBER,SORGHUM,109,0.02
2015,OCTOBER,SORGHUM,109,0.01
2015,NOVEMBER,SORGHUM,109,0.02
2015,DECEMBER,SORGHUM,109,0.02
2016,JANUARY,SORGHUM,109,0.01
2016,FEBRUARY,SORGHUM,109,0.01
2016,MARCH,SORGHUM,109,0.02
2016,APRIL,SORGHUM,109,0.02
2016,MAY,SORGHUM,109,0.02
2016,JUNE,SORGHUM,109,0.02
2016,JULY,SORGHUM,109,0.02
2016,AUGUST,SORGHUM,109,0.02
2016,SEPTEMBER,SORGHUM,109,0.02
2016,OCTOBER,SORGHUM,109,0.02
2016,NOVEMBER,SORGHUM,109,0.02
2016,DECEMBER,SORGHUM,109,0.02
2017,JANUARY,SORGHUM,109,0.02
2017,FEBRUARY,SORGHUM,109,0.02
2017,MARCH,SORGHUM,109,0.02
2017,APRIL,SORGHUM,109,0.02
2017,MAY,SORGHUM,109,0.02
2017,JUNE,SORGHUM,109,0.04
2017,JULY,SORGHUM,109,0.04
2017,AUGUST,SORGHUM,109,0.04
2017,SEPTEMBER,SORGHUM,109,0.04
2017,OCTOBER,SORGHUM,109,0.04
2017,NOVEMBER,SORGHUM,109,0.04
2017,DECEMBER,SORGHUM,109,0.05
1970,JANUARY,YAM,250,0.051
1970,FEBRUARY,YAM,250,0.057
1970,MARCH,YAM,250,0.055
1970,APRIL,YAM,250,0.05
1970,MAY,YAM,250,0.063
1970,JUNE,YAM,250,0.108
1970,JULY,YAM,250,0.125
1970,AUGUST,YAM,250,0.135
1970,SEPTEMBER,YAM,250,0.11
1970,OCTOBER,YAM,250,0.074
1970,NOVEMBER,YAM,250,0.086
1970,DECEMBER,YAM,250,0.098
1971,JANUARY,YAM,250,0.086
1971,FEBRUARY,YAM,250,0.088
1971,MARCH,YAM,250,0.084
1971,APRIL,YAM,250,0.075
1971,MAY,YAM,250,0.114
1971,JUNE,YAM,250,0.128
1971,JULY,YAM,250,0.129
1971,AUGUST,YAM,250,0.109
1971,SEPTEMBER,YAM,250,0.079
1971,OCTOBER,YAM,250,0.113
1971,NOVEMBER,YAM,250,0.1
1971,DECEMBER,YAM,250,0.112
1972,JANUARY,YAM,250,0.124
1972,FEBRUARY,YAM,250,0.112
1972,MARCH,YAM,250,0.114
1972,APRIL,YAM,250,0.131
1972,MAY,YAM,250,0.131
1972,JUNE,YAM,250,0.142
1972,JULY,YAM,250,0.148
1972,AUGUST,YAM,250,0.117
1972,SEPTEMBER,YAM,250,0.074
1972,OCTOBER,YAM,250,0.111
1972,NOVEMBER,YAM,250,0.17
1972,DECEMBER,YAM,250,0.133
1973,JANUARY,YAM,250,0.129
1973,FEBRUARY,YAM,250,0.157
1973,MARCH,YAM,250,0.155
1973,APRIL,YAM,250,0.144
1973,MAY,YAM,250,0.135
1973,JUNE,YAM,250,0.226
1973,JULY,YAM,250,0.242
1973,AUGUST,YAM,250,0.196
1973,SEPTEMBER,YAM,250,0.144
1973,OCTOBER,YAM,250,0.278
1973,NOVEMBER,YAM,250,0.267
1973,DECEMBER,YAM,250,0.248
1974,JANUARY,YAM,250,0.312
1974,FEBRUARY,YAM,250,0.322
1974,MARCH,YAM,250,0.27
1974,APRIL,YAM,250,0.299
1974,MAY,YAM,250,0.27
1974,JUNE,YAM,250,0.431
1974,JULY,YAM,250,0.539
1974,AUGUST,YAM,250,0.535
1974,SEPTEMBER,YAM,250,0.46
1974,OCTOBER,YAM,250,0.487
1974,NOVEMBER,YAM,250,0.405
1974,DECEMBER,YAM,250,0.51
1975,JANUARY,YAM,250,0.382
1975,FEBRUARY,YAM,250,0.395
1975,MARCH,YAM,250,0.373
1975,APRIL,YAM,250,0.421
1975,MAY,YAM,250,0.552
1975,JUNE,YAM,250,0.645
1975,JULY,YAM,250,0.724
1975,AUGUST,YAM,250,0.581
1975,SEPTEMBER,YAM,250,0.575
1975,OCTOBER,YAM,250,0.74
1975,NOVEMBER,YAM,250,0.849
1975,DECEMBER,YAM,250,0.547
1976,JANUARY,YAM,250,1.127
1976,FEBRUARY,YAM,250,1.335
1976,MARCH,YAM,250,1.062
1976,APRIL,YAM,250,2.757
1976,MAY,YAM,250,4.637
1976,JUNE,YAM,250,4.227
1976,JULY,YAM,250,4.333
1976,AUGUST,YAM,250,5.427
1976,SEPTEMBER,YAM,250,2.625
1976,OCTOBER,YAM,250,2.9
1976,NOVEMBER,YAM,250,1.85
1976,DECEMBER,YAM,250,1.4
1977,JANUARY,YAM,250,2.674
1977,FEBRUARY,YAM,250,2.215
1977,MARCH,YAM,250,2.196
1977,APRIL,YAM,250,2.11
1977,MAY,YAM,250,2.796
1977,JUNE,YAM,250,3.055
1977,JULY,YAM,250,2.59
1977,AUGUST,YAM,250,2.233
1977,SEPTEMBER,YAM,250,1.42
1977,OCTOBER,YAM,250,1.387
1977,NOVEMBER,YAM,250,0.803
1977,DECEMBER,YAM,250,0.973
1978,JANUARY,YAM,250,0.935
1978,FEBRUARY,YAM,250,0.627
1978,MARCH,YAM,250,0.876
1978,APRIL,YAM,250,0.76
1978,MAY,YAM,250,1.239
1978,JUNE,YAM,250,1.217
1978,JULY,YAM,250,1.186
1978,AUGUST,YAM,250,1.014
1978,SEPTEMBER,YAM,250,1.154
1978,OCTOBER,YAM,250,1.009
1978,NOVEMBER,YAM,250,1.537
1978,DECEMBER,YAM,250,0.933
1979,JANUARY,YAM,250,1.2
1979,FEBRUARY,YAM,250,1.869
1979,MARCH,YAM,250,1.301
1979,APRIL,YAM,250,1.905
1979,MAY,YAM,250,1.982
1979,JUNE,YAM,250,1.953
1979,JULY,YAM,250,2.992
1979,AUGUST,YAM,250,2.266
1979,SEPTEMBER,YAM,250,2.344
1979,OCTOBER,YAM,250,2.24
1979,NOVEMBER,YAM,250,2.44
1979,DECEMBER,YAM,250,2.719
1980,JANUARY,YAM,250,2.77
1980,FEBRUARY,YAM,250,2.161
1980,MARCH,YAM,250,3.004
1980,APRIL,YAM,250,3.31
1980,MAY,YAM,250,4.366
1980,JUNE,YAM,250,5.477
1980,JULY,YAM,250,5.451
1980,AUGUST,YAM,250,5.856
1980,SEPTEMBER,YAM,250,5.105
1980,OCTOBER,YAM,250,5.144
1980,NOVEMBER,YAM,250,5.792
1980,DECEMBER,YAM,250,4.314
1981,JANUARY,YAM,250,4.159
1981,FEBRUARY,YAM,250,3.851
1981,MARCH,YAM,250,3.922
1981,APRIL,YAM,250,4.736
1981,MAY,YAM,250,4.899
1981,JUNE,YAM,250,5.717
1981,JULY,YAM,250,6.339
1981,AUGUST,YAM,250,4.704
1981,SEPTEMBER,YAM,250,4.895
1981,OCTOBER,YAM,250,4.906
1981,NOVEMBER,YAM,250,3.893
1981,DECEMBER,YAM,250,4.104
1982,JANUARY,YAM,250,4.33
1982,FEBRUARY,YAM,250,4.387
1982,MARCH,YAM,250,4.525
1982,APRIL,YAM,250,4.879
1982,MAY,YAM,250,5.232
1982,JUNE,YAM,250,6.026
1982,JULY,YAM,250,5.942
1982,AUGUST,YAM,250,6.135
1982,SEPTEMBER,YAM,250,6.0222
1982,OCTOBER,YAM,250,5.905
1982,NOVEMBER,YAM,250,5.407
1982,DECEMBER,YAM,250,5.136
1983,JANUARY,YAM,250,5.165
1983,FEBRUARY,YAM,250,4.912
1983,MARCH,YAM,250,5.19
1983,APRIL,YAM,250,5.08
1983,MAY,YAM,250,6.424
1983,JUNE,YAM,250,8.057
1983,JULY,YAM,250,9.597
1983,AUGUST,YAM,250,9.882
1983,SEPTEMBER,YAM,250,10.536
1983,OCTOBER,YAM,250,10.32
1983,NOVEMBER,YAM,250,11.794
1983,DECEMBER,YAM,250,8.846
1984,JANUARY,YAM,250,9.003
1984,FEBRUARY,YAM,250,7.772
1984,MARCH,YAM,250,7.326
1984,APRIL,YAM,250,7.351
1984,MAY,YAM,250,7.374
1984,JUNE,YAM,250,7.632
1984,JULY,YAM,250,7.753
1984,AUGUST,YAM,250,7.823
1984,SEPTEMBER,YAM,250,7.723
1984,OCTOBER,YAM,250,8.3
1984,NOVEMBER,YAM,250,7.163
1984,DECEMBER,YAM,250,6.936
1985,JANUARY,YAM,250,6.85
1985,FEBRUARY,YAM,250,6.573
1985,MARCH,YAM,250,6.824
1985,APRIL,YAM,250,7.722
1985,MAY,YAM,250,7.865
1985,JUNE,YAM,250,8.717
1985,JULY,YAM,250,9.72
1985,AUGUST,YAM,250,10.438
1985,SEPTEMBER,YAM,250,13.686
1985,OCTOBER,YAM,250,9.857
1985,NOVEMBER,YAM,250,10.544
1985,DECEMBER,YAM,250,10.603
1986,JANUARY,YAM,250,10.532
1986,FEBRUARY,YAM,250,9.648
1986,MARCH,YAM,250,9.352
1986,APRIL,YAM,250,11.055
1986,MAY,YAM,250,11.734
1986,JUNE,YAM,250,12.849
1986,JULY,YAM,250,14.359
1986,AUGUST,YAM,250,14.267
1986,SEPTEMBER,YAM,250,14.338
1986,OCTOBER,YAM,250,12.397
1986,NOVEMBER,YAM,250,12.688
1986,DECEMBER,YAM,250,11.483
1987,JANUARY,YAM,250,10.88
1987,FEBRUARY,YAM,250,11.427
1987,MARCH,YAM,250,11.504
1987,APRIL,YAM,250,12.903
1987,MAY,YAM,250,13.833
1987,JUNE,YAM,250,14.979
1987,JULY,YAM,250,16.57
1987,AUGUST,YAM,250,18.508
1987,SEPTEMBER,YAM,250,17.053
1987,OCTOBER,YAM,250,16.324
1987,NOVEMBER,YAM,250,24.411
1987,DECEMBER,YAM,250,23.815
1988,JANUARY,YAM,250,20.12
1988,FEBRUARY,YAM,250,20.379
1988,MARCH,YAM,250,21.968
1988,APRIL,YAM,250,25.07
1988,MAY,YAM,250,27.826
1988,JUNE,YAM,250,32.697
1988,JULY,YAM,250,32.629
1988,AUGUST,YAM,250,28.804
1988,SEPTEMBER,YAM,250,30.428
1988,OCTOBER,YAM,250,28.506
1988,NOVEMBER,YAM,250,26.799
1988,DECEMBER,YAM,250,24.923
1989,JANUARY,YAM,250,27.419
1989,FEBRUARY,YAM,250,25.024
1989,MARCH,YAM,250,25.134
1989,APRIL,YAM,250,22.706
1989,MAY,YAM,250,23.236
1989,JUNE,YAM,250,25.538
1989,JULY,YAM,250,24.604
1989,AUGUST,YAM,250,24.814
1989,SEPTEMBER,YAM,250,23.93
1989,OCTOBER,YAM,250,25.576
1989,NOVEMBER,YAM,250,28.125
1989,DECEMBER,YAM,250,27.505
1990,JANUARY,YAM,250,28.47
1990,FEBRUARY,YAM,250,30.346
1990,MARCH,YAM,250,31.516
1990,APRIL,YAM,250,32.751
1990,MAY,YAM,250,37.402
1990,JUNE,YAM,250,41.771
1990,JULY,YAM,250,44.882
1990,AUGUST,YAM,250,47.147
1990,SEPTEMBER,YAM,250,52.84
1990,OCTOBER,YAM,250,56.865
1990,NOVEMBER,YAM,250,47.871
1990,DECEMBER,YAM,250,55.798
1991,JANUARY,YAM,250,57.261
1991,FEBRUARY,YAM,250,51.21
1991,MARCH,YAM,250,53.142
1991,APRIL,YAM,250,66.462
1991,MAY,YAM,250,68.235
1991,JUNE,YAM,250,56.92
1991,JULY,YAM,250,56.12
1991,AUGUST,YAM,250,63.08
1991,SEPTEMBER,YAM,250,64.4
1991,OCTOBER,YAM,250,66.8
1991,NOVEMBER,YAM,250,63.75
1991,DECEMBER,YAM,250,63.888
1992,JANUARY,YAM,250,59.544
1992,FEBRUARY,YAM,250,57.424
1992,MARCH,YAM,250,50.946
1992,APRIL,YAM,250,54.132
1992,MAY,YAM,250,60.416
1992,JUNE,YAM,250,44.121
1992,JULY,YAM,250,52.857
1992,AUGUST,YAM,250,53.045
1992,SEPTEMBER,YAM,250,55.437
1992,OCTOBER,YAM,250,56.049
1992,NOVEMBER,YAM,250,59.009
1992,DECEMBER,YAM,250,63.23
1993,JANUARY,YAM,250,56.241
1993,FEBRUARY,YAM,250,57.767
1993,MARCH,YAM,250,60.588
1993,APRIL,YAM,250,64.141
1993,MAY,YAM,250,68.286
1993,JUNE,YAM,250,81.447
1993,JULY,YAM,250,82.456
1993,AUGUST,YAM,250,75.485
1993,SEPTEMBER,YAM,250,77.574
1993,OCTOBER,YAM,250,73.187
1993,NOVEMBER,YAM,250,73.794
1993,DECEMBER,YAM,250,71.814
1994,JANUARY,YAM,250,74.797
1994,FEBRUARY,YAM,250,81.111
1994,MARCH,YAM,250,83.137
1994,APRIL,YAM,250,90.597
1994,MAY,YAM,250,92.581
1994,JUNE,YAM,250,108.149
1994,JULY,YAM,250,103.76
1994,AUGUST,YAM,250,125
1994,SEPTEMBER,YAM,250,109.5
1994,OCTOBER,YAM,250,100.125
1994,NOVEMBER,YAM,250,101.167
1994,DECEMBER,YAM,250,110.063
1995,JANUARY,YAM,250,117.104
1995,FEBRUARY,YAM,250,123.583
1995,MARCH,YAM,250,117.34
1995,APRIL,YAM,250,128.061
1995,MAY,YAM,250,125.872
1995,JUNE,YAM,250,139.286
1995,JULY,YAM,250,149.529
1995,AUGUST,YAM,250,138.132
1995,SEPTEMBER,YAM,250,132.775
1995,OCTOBER,YAM,250,129.024
1995,NOVEMBER,YAM,250,123.761
1995,DECEMBER,YAM,250,123.43
1996,JANUARY,YAM,250,118.546
1996,FEBRUARY,YAM,250,115.54
1996,MARCH,YAM,250,123.977
1996,APRIL,YAM,250,124.118
1996,MAY,YAM,250,117.651
1996,JUNE,YAM,250,134.617
1996,JULY,YAM,250,128.466
1996,AUGUST,YAM,250,138.262
1996,SEPTEMBER,YAM,250,134.692
1996,OCTOBER,YAM,250,134.518
1996,NOVEMBER,YAM,250,138.904
1996,DECEMBER,YAM,250,134.343
1997,JANUARY,YAM,250,150.006
1997,FEBRUARY,YAM,250,142.998
1997,MARCH,YAM,250,143.545
1997,APRIL,YAM,250,152.298
1997,MAY,YAM,250,166.89
1997,JUNE,YAM,250,169.767
1997,JULY,YAM,250,197.575
1997,AUGUST,YAM,250,206.88
1997,SEPTEMBER,YAM,250,180.179
1997,OCTOBER,YAM,250,166
1997,NOVEMBER,YAM,250,168
1997,DECEMBER,YAM,250,179
1998,JANUARY,YAM,250,181.47
1998,FEBRUARY,YAM,250,171.45
1998,MARCH,YAM,250,178.33
1998,APRIL,YAM,250,201.8
1998,MAY,YAM,250,207.97
1998,JUNE,YAM,250,221.93
1998,JULY,YAM,250,226.59
1998,AUGUST,YAM,250,230.97
1998,SEPTEMBER,YAM,250,230.8
1998,OCTOBER,YAM,250,214.56
1998,NOVEMBER,YAM,250,194.26
1998,DECEMBER,YAM,250,232.518
1998,JANUARY,YAM,250,229.62
1999,FEBRUARY,YAM,250,218.69
1999,MARCH,YAM,250,216.79
1999,APRIL,YAM,250,211.16
1999,MAY,YAM,250,324.3
1999,JUNE,YAM,250,234.3
1999,JULY,YAM,250,234.26
1999,AUGUST,YAM,250,244.6
1999,SEPTEMBER,YAM,250,219.853
1999,OCTOBER,YAM,250,227.8
1999,NOVEMBER,YAM,250,231.985
1999,DECEMBER,YAM,250,236.766
2000,JANUARY,YAM,250,149471
2000,FEBRUARY,YAM,250,153279
2000,MARCH,YAM,250,171739
2000,APRIL,YAM,250,203530
2000,MAY,YAM,250,218481
2000,JUNE,YAM,250,228998
2000,JULY,YAM,250,252753
2000,AUGUST,YAM,250,333350
2000,SEPTEMBER,YAM,250,214967.1
2000,OCTOBER,YAM,250,198000
2000,NOVEMBER,YAM,250,228162.1
2000,DECEMBER,YAM,250,230680
2001,JANUARY,YAM,250,253173
2001,FEBRUARY,YAM,250,278776
2001,MARCH,YAM,250,284196
2001,APRIL,YAM,250,327745
2001,MAY,YAM,250,424474
2001,JUNE,YAM,250,499912
2001,JULY,YAM,250,508701
2001,AUGUST,YAM,250,633000
2001,SEPTEMBER,YAM,250,331567
2001,OCTOBER,YAM,250,249375
2001,NOVEMBER,YAM,250,225563
2001,DECEMBER,YAM,250,273513
2002,JANUARY,YAM,250,359778
2002,FEBRUARY,YAM,250,401551
2002,MARCH,YAM,250,398746
2002,APRIL,YAM,250,441892
2002,MAY,YAM,250,497867
2002,JUNE,YAM,250,566357
2002,JULY,YAM,250,530884
2002,AUGUST,YAM,250,414691
2002,SEPTEMBER,YAM,250,319212
2002,OCTOBER,YAM,250,341612
2002,NOVEMBER,YAM,250,364818
2002,DECEMBER,YAM,250,402639
2003,JANUARY,YAM,250,441266
2003,FEBRUARY,YAM,250,471985
2003,MARCH,YAM,250,493975
2003,APRIL,YAM,250,493084
2003,MAY,YAM,250,530184
2003,JUNE,YAM,250,647137
2003,JULY,YAM,250,567211
2003,AUGUST,YAM,250,422163
2003,SEPTEMBER,YAM,250,370360
2003,OCTOBER,YAM,250,342243
2003,NOVEMBER,YAM,250,355483
2003,DECEMBER,YAM,250,427757
2004,JANUARY,YAM,250,493146
2004,FEBRUARY,YAM,250,477016
2004,MARCH,YAM,250,476452
2004,APRIL,YAM,250,563877
2004,MAY,YAM,250,624502
2004,JUNE,YAM,250,689870
2004,JULY,YAM,250,652491
2004,AUGUST,YAM,250,678046
2004,SEPTEMBER,YAM,250,418697
2004,OCTOBER,YAM,250,433000
2004,NOVEMBER,YAM,250,464000
2004,DECEMBER,YAM,250,521000
2005,JANUARY,YAM,250,525610
2005,FEBRUARY,YAM,250,541600
2005,MARCH,YAM,250,616180
2005,APRIL,YAM,250,735255
2005,MAY,YAM,250,771230
2005,JUNE,YAM,250,920550
2005,JULY,YAM,250,900790
2005,AUGUST,YAM,250,615790
2005,SEPTEMBER,YAM,250,538410
2005,OCTOBER,YAM,250,580830
2005,NOVEMBER,YAM,250,645600
2005,DECEMBER,YAM,250,598314
2006,JANUARY,YAM,250,608630
2006,FEBRUARY,YAM,250,655500
2006,MARCH,YAM,250,648000
2006,APRIL,YAM,250,728470
2006,MAY,YAM,250,807450
2006,JUNE,YAM,250,884200
2006,JULY,YAM,250,884145
2006,AUGUST,YAM,250,700750
2006,SEPTEMBER,YAM,250,609010
2006,OCTOBER,YAM,250,522300
2006,NOVEMBER,YAM,250,545905
2006,DECEMBER,YAM,250,625733
2007,JANUARY,YAM,250,63.03
2007,FEBRUARY,YAM,250,66.91
2007,MARCH,YAM,250,71.75
2007,APRIL,YAM,250,83.09
2007,MAY,YAM,250,97.46
2007,JUNE,YAM,250,113.92
2007,JULY,YAM,250,113.78
2007,AUGUST,YAM,250,80.91
2007,SEPTEMBER,YAM,250,66.8
2007,OCTOBER,YAM,250,68.45
2007,NOVEMBER,YAM,250,75.93
2007,DECEMBER,YAM,250,81.56
2008,JANUARY,YAM,250,84.27
2008,FEBRUARY,YAM,250,90.72
2008,MARCH,YAM,250,96.81
2008,APRIL,YAM,250,113.13
2008,MAY,YAM,250,124.89
2008,JUNE,YAM,250,131.54
2008,JULY,YAM,250,129.53
2008,AUGUST,YAM,250,94.41
2008,SEPTEMBER,YAM,250,80.7
2008,OCTOBER,YAM,250,80.96
2008,NOVEMBER,YAM,250,92
2008,DECEMBER,YAM,250,96.19
2009,JANUARY,YAM,250,108.8
2009,FEBRUARY,YAM,250,115.5
2009,MARCH,YAM,250,109.32
2009,APRIL,YAM,250,123.93
2009,MAY,YAM,250,130.9
2009,JUNE,YAM,250,135.03
2009,JULY,YAM,250,121.35
2009,AUGUST,YAM,250,112.04
2009,SEPTEMBER,YAM,250,112.4
2009,OCTOBER,YAM,250,113.48
2009,NOVEMBER,YAM,250,120.64
2009,DECEMBER,YAM,250,137.84
2010,JANUARY,YAM,250,130.19
2010,FEBRUARY,YAM,250,139.96
2010,MARCH,YAM,250,142.42
2010,APRIL,YAM,250,153.88
2010,MAY,YAM,250,167.71
2010,JUNE,YAM,250,194.79
2010,JULY,YAM,250,196.37
2010,AUGUST,YAM,250,140.13
2010,SEPTEMBER,YAM,250,115.82
2010,OCTOBER,YAM,250,124.65
2010,NOVEMBER,YAM,250,114.45
2010,DECEMBER,YAM,250,132.85
2011,JANUARY,YAM,250,154.22
2011,FEBRUARY,YAM,250,150.1
2011,MARCH,YAM,250,160.43
2011,APRIL,YAM,250,173.61
2011,MAY,YAM,250,190.91
2011,JUNE,YAM,250,194.23
2011,JULY,YAM,250,202.1
2011,AUGUST,YAM,250,156.6
2011,SEPTEMBER,YAM,250,132.91
2011,OCTOBER,YAM,250,130.15
2011,NOVEMBER,YAM,250,136.1
2011,DECEMBER,YAM,250,159.44
2012,JANUARY,YAM,250,185.25
2012,FEBRUARY,YAM,250,195.75
2012,MARCH,YAM,250,203.77
2012,APRIL,YAM,250,208.18
2012,MAY,YAM,250,246.16
2012,JUNE,YAM,250,280.46
2012,JULY,YAM,250,258.3
2012,AUGUST,YAM,250,203.1
2012,SEPTEMBER,YAM,250,185.46
2012,OCTOBER,YAM,250,191.7
2012,NOVEMBER,YAM,250,202
2012,DECEMBER,YAM,250,218.9
2013,JANUARY,YAM,250,245.7
2013,FEBRUARY,YAM,250,251.8
2013,MARCH,YAM,250,250
2013,APRIL,YAM,250,270.32
2013,MAY,YAM,250,297.4
2013,JUNE,YAM,250,282.81
2013,JULY,YAM,250,265.8
2013,AUGUST,YAM,250,216.6
2013,SEPTEMBER,YAM,250,183.9
2013,OCTOBER,YAM,250,209.83
2013,NOVEMBER,YAM,250,209.83
2013,DECEMBER,YAM,250,249.3
2013,JANUARY,YAM,250,231.59
2014,FEBRUARY,YAM,250,240.31
2014,MARCH,YAM,250,252.87
2014,APRIL,YAM,250,263.83
2014,MAY,YAM,250,295.13
2014,JUNE,YAM,250,344.45
2014,JULY,YAM,250,322.36
2014,AUGUST,YAM,250,285.3
2014,SEPTEMBER,YAM,250,239.67
2014,OCTOBER,YAM,250,230.58
2014,NOVEMBER,YAM,250,231.92
2014,DECEMBER,YAM,250,268
2015,JANUARY,YAM,250,256.87
2015,FEBRUARY,YAM,250,259.37
2015,MARCH,YAM,250,277.06
2015,APRIL,YAM,250,287.39
2015,MAY,YAM,250,345.26
2015,JUNE,YAM,250,378.35
2015,JULY,YAM,250,376.93
2015,AUGUST,YAM,250,368.4
2015,SEPTEMBER,YAM,250,301.04
2015,OCTOBER,YAM,250,309.44
2015,NOVEMBER,YAM,250,327.25
2015,DECEMBER,YAM,250,345.17
2016,JANUARY,YAM,250,375.13
2016,FEBRUARY,YAM,250,382.98
2016,MARCH,YAM,250,423.63
2016,APRIL,YAM,250,473.1
2016,MAY,YAM,250,524.89
2016,JUNE,YAM,250,507
2016,JULY,YAM,250,507.53
2016,AUGUST,YAM,250,422.7
2016,SEPTEMBER,YAM,250,383.06
2016,OCTOBER,YAM,250,383.06
2016,NOVEMBER,YAM,250,400.17
2016,DECEMBER,YAM,250,424.69
2017,JANUARY,YAM,250,473.95
2017,FEBRUARY,YAM,250,476.47
2017,MARCH,YAM,250,528.26
2017,APRIL,YAM,250,561.18
2017,MAY,YAM,250,551.12
2017,JUNE,YAM,250,637.65
2017,JULY,YAM,250,589.93
2017,AUGUST,YAM,250,524.45
2017,SEPTEMBER,YAM,250,482.71
2017,OCTOBER,YAM,250,447.24
2017,NOVEMBER,YAM,250,462.33
2017,DECEMBER,YAM,250,461.76
1970,JANUARY,COCOYAM,91,5
1970,FEBRUARY,COCOYAM,91,6
1970,MARCH,COCOYAM,91,5
1970,APRIL,COCOYAM,91,5
1970,MAY,COCOYAM,91,6
1970,JUNE,COCOYAM,91,6
1970,JULY,COCOYAM,91,7
1970,AUGUST,COCOYAM,91,8
1970,SEPTEMBER,COCOYAM,91,7
1970,OCTOBER,COCOYAM,91,7
1970,NOVEMBER,COCOYAM,91,7
1970,DECEMBER,COCOYAM,91,7
1971,JANUARY,COCOYAM,91,7
1971,FEBRUARY,COCOYAM,91,7
1971,MARCH,COCOYAM,91,7
1971,APRIL,COCOYAM,91,7
1971,MAY,COCOYAM,91,9
1971,JUNE,COCOYAM,91,9
1971,JULY,COCOYAM,91,10
1971,AUGUST,COCOYAM,91,10
1971,SEPTEMBER,COCOYAM,91,9
1971,OCTOBER,COCOYAM,91,8
1971,NOVEMBER,COCOYAM,91,8
1971,DECEMBER,COCOYAM,91,8
1972,JANUARY,COCOYAM,91,8
1972,FEBRUARY,COCOYAM,91,8
1972,MARCH,COCOYAM,91,8
1972,APRIL,COCOYAM,91,9
1972,MAY,COCOYAM,91,9
1972,JUNE,COCOYAM,91,11
1972,JULY,COCOYAM,91,10
1972,AUGUST,COCOYAM,91,10
1972,SEPTEMBER,COCOYAM,91,10
1972,OCTOBER,COCOYAM,91,9
1972,NOVEMBER,COCOYAM,91,9
1972,DECEMBER,COCOYAM,91,9
1973,JANUARY,COCOYAM,91,10
1973,FEBRUARY,COCOYAM,91,9
1973,MARCH,COCOYAM,91,10
1973,APRIL,COCOYAM,91,11
1973,MAY,COCOYAM,91,12
1973,JUNE,COCOYAM,91,13
1973,JULY,COCOYAM,91,16
1973,AUGUST,COCOYAM,91,17
1973,SEPTEMBER,COCOYAM,91,15
1973,OCTOBER,COCOYAM,91,11
1973,NOVEMBER,COCOYAM,91,11
1973,DECEMBER,COCOYAM,91,13
1974,JANUARY,COCOYAM,91,11
1974,FEBRUARY,COCOYAM,91,11
1974,MARCH,COCOYAM,91,12
1974,APRIL,COCOYAM,91,13
1974,MAY,COCOYAM,91,13
1974,JUNE,COCOYAM,91,15
1974,JULY,COCOYAM,91,17
1974,AUGUST,COCOYAM,91,16
1974,SEPTEMBER,COCOYAM,91,15
1974,OCTOBER,COCOYAM,91,14
1974,NOVEMBER,COCOYAM,91,15
1974,DECEMBER,COCOYAM,91,17
1975,JANUARY,COCOYAM,91,14
1975,FEBRUARY,COCOYAM,91,14
1975,MARCH,COCOYAM,91,15
1975,APRIL,COCOYAM,91,16
1975,MAY,COCOYAM,91,17
1975,JUNE,COCOYAM,91,17
1975,JULY,COCOYAM,91,22
1975,AUGUST,COCOYAM,91,18
1975,SEPTEMBER,COCOYAM,91,15
1975,OCTOBER,COCOYAM,91,18
1975,NOVEMBER,COCOYAM,91,19
1975,DECEMBER,COCOYAM,91,19
1976,JANUARY,COCOYAM,91,21
1976,FEBRUARY,COCOYAM,91,21
1976,MARCH,COCOYAM,91,18
1976,APRIL,COCOYAM,91,24
1976,MAY,COCOYAM,91,24
1976,JUNE,COCOYAM,91,36
1976,JULY,COCOYAM,91,37
1976,AUGUST,COCOYAM,91,39
1976,SEPTEMBER,COCOYAM,91,38
1976,OCTOBER,COCOYAM,91,42
1976,NOVEMBER,COCOYAM,91,44
1976,DECEMBER,COCOYAM,91,45
1977,JANUARY,COCOYAM,91,51
1977,FEBRUARY,COCOYAM,91,57
1977,MARCH,COCOYAM,91,55
1977,APRIL,COCOYAM,91,50
1977,MAY,COCOYAM,91,63
1977,JUNE,COCOYAM,91,108
1977,JULY,COCOYAM,91,125
1977,AUGUST,COCOYAM,91,135
1977,SEPTEMBER,COCOYAM,91,110
1977,OCTOBER,COCOYAM,91,74
1977,NOVEMBER,COCOYAM,91,86
1977,DECEMBER,COCOYAM,91,98
1978,JANUARY,COCOYAM,91,86
1978,FEBRUARY,COCOYAM,91,88
1978,MARCH,COCOYAM,91,84
1978,APRIL,COCOYAM,91,75
1978,MAY,COCOYAM,91,114
1978,JUNE,COCOYAM,91,128
1978,JULY,COCOYAM,91,129
1978,AUGUST,COCOYAM,91,109
1978,SEPTEMBER,COCOYAM,91,79
1978,OCTOBER,COCOYAM,91,113
1978,NOVEMBER,COCOYAM,91,100
1978,DECEMBER,COCOYAM,91,112
1979,JANUARY,COCOYAM,91,124
1979,FEBRUARY,COCOYAM,91,112
1979,MARCH,COCOYAM,91,114
1979,APRIL,COCOYAM,91,131
1979,MAY,COCOYAM,91,131
1979,JUNE,COCOYAM,91,142
1979,JULY,COCOYAM,91,148
1979,AUGUST,COCOYAM,91,117
1979,SEPTEMBER,COCOYAM,91,74
1979,OCTOBER,COCOYAM,91,111
1979,NOVEMBER,COCOYAM,91,170
1979,DECEMBER,COCOYAM,91,133
1980,JANUARY,COCOYAM,91,129
1980,FEBRUARY,COCOYAM,91,157
1980,MARCH,COCOYAM,91,155
1980,APRIL,COCOYAM,91,144
1980,MAY,COCOYAM,91,135
1980,JUNE,COCOYAM,91,226
1980,JULY,COCOYAM,91,242
1980,AUGUST,COCOYAM,91,196
1980,SEPTEMBER,COCOYAM,91,144
1980,OCTOBER,COCOYAM,91,278
1980,NOVEMBER,COCOYAM,91,267
1980,DECEMBER,COCOYAM,91,248
1981,JANUARY,COCOYAM,91,312
1981,FEBRUARY,COCOYAM,91,322
1981,MARCH,COCOYAM,91,270
1981,APRIL,COCOYAM,91,299
1981,MAY,COCOYAM,91,270
1981,JUNE,COCOYAM,91,431
1981,JULY,COCOYAM,91,539
1981,AUGUST,COCOYAM,91,535
1981,SEPTEMBER,COCOYAM,91,460
1981,OCTOBER,COCOYAM,91,487
1981,NOVEMBER,COCOYAM,91,405
1981,DECEMBER,COCOYAM,91,510
1982,JANUARY,COCOYAM,91,382
1982,FEBRUARY,COCOYAM,91,395
1982,MARCH,COCOYAM,91,373
1982,APRIL,COCOYAM,91,421
1982,MAY,COCOYAM,91,552
1982,JUNE,COCOYAM,91,645
1982,JULY,COCOYAM,91,724
1982,AUGUST,COCOYAM,91,581
1982,SEPTEMBER,COCOYAM,91,575
1982,OCTOBER,COCOYAM,91,740
1982,NOVEMBER,COCOYAM,91,849
1982,DECEMBER,COCOYAM,91,547
1983,JANUARY,COCOYAM,91,1127
1983,FEBRUARY,COCOYAM,91,1335
1983,MARCH,COCOYAM,91,1062
1983,APRIL,COCOYAM,91,2757
1983,MAY,COCOYAM,91,4637
1983,JUNE,COCOYAM,91,4227
1983,JULY,COCOYAM,91,4333
1983,AUGUST,COCOYAM,91,5427
1983,SEPTEMBER,COCOYAM,91,2625
1983,OCTOBER,COCOYAM,91,2900
1983,NOVEMBER,COCOYAM,91,1850
1983,DECEMBER,COCOYAM,91,1400
1984,JANUARY,COCOYAM,91,2674
1984,FEBRUARY,COCOYAM,91,2215
1984,MARCH,COCOYAM,91,2196
1984,APRIL,COCOYAM,91,2110
1984,MAY,COCOYAM,91,2796
1984,JUNE,COCOYAM,91,3055
1984,JULY,COCOYAM,91,2590
1984,AUGUST,COCOYAM,91,2233
1984,SEPTEMBER,COCOYAM,91,1420
1984,OCTOBER,COCOYAM,91,1387
1984,NOVEMBER,COCOYAM,91,803
1984,DECEMBER,COCOYAM,91,973
1985,JANUARY,COCOYAM,91,935
1985,FEBRUARY,COCOYAM,91,627
1985,MARCH,COCOYAM,91,876
1985,APRIL,COCOYAM,91,760
1985,MAY,COCOYAM,91,1239
1985,JUNE,COCOYAM,91,1217
1985,JULY,COCOYAM,91,1186
1985,AUGUST,COCOYAM,91,1014
1985,SEPTEMBER,COCOYAM,91,1154
1985,OCTOBER,COCOYAM,91,1009
1985,NOVEMBER,COCOYAM,91,1537
1985,DECEMBER,COCOYAM,91,933
1986,JANUARY,COCOYAM,91,1200
1986,FEBRUARY,COCOYAM,91,1869
1986,MARCH,COCOYAM,91,1301
1986,APRIL,COCOYAM,91,1905
1986,MAY,COCOYAM,91,1982
1986,JUNE,COCOYAM,91,1953
1986,JULY,COCOYAM,91,2992
1986,AUGUST,COCOYAM,91,2266
1986,SEPTEMBER,COCOYAM,91,2344
1986,OCTOBER,COCOYAM,91,2240
1986,NOVEMBER,COCOYAM,91,2440
1986,DECEMBER,COCOYAM,91,2719
1987,JANUARY,COCOYAM,91,2770
1987,FEBRUARY,COCOYAM,91,2161
1987,MARCH,COCOYAM,91,3004
1987,APRIL,COCOYAM,91,3310
1987,MAY,COCOYAM,91,4366
1987,JUNE,COCOYAM,91,5477
1987,JULY,COCOYAM,91,5451
1987,AUGUST,COCOYAM,91,5856
1987,SEPTEMBER,COCOYAM,91,5105
1987,OCTOBER,COCOYAM,91,5144
1987,NOVEMBER,COCOYAM,91,5792
1987,DECEMBER,COCOYAM,91,4314
1988,JANUARY,COCOYAM,91,4159
1988,FEBRUARY,COCOYAM,91,3851
1988,MARCH,COCOYAM,91,3922
1988,APRIL,COCOYAM,91,4736
1988,MAY,COCOYAM,91,4899
1988,JUNE,COCOYAM,91,5717
1988,JULY,COCOYAM,91,6339
1988,AUGUST,COCOYAM,91,4704
1988,SEPTEMBER,COCOYAM,91,4895
1988,OCTOBER,COCOYAM,91,4906
1988,NOVEMBER,COCOYAM,91,3893
1988,DECEMBER,COCOYAM,91,4104
1989,JANUARY,COCOYAM,91,4330
1989,FEBRUARY,COCOYAM,91,4387
1989,MARCH,COCOYAM,91,4525
1989,APRIL,COCOYAM,91,4879
1989,MAY,COCOYAM,91,5232
1989,JUNE,COCOYAM,91,6026
1989,JULY,COCOYAM,91,5942
1989,AUGUST,COCOYAM,91,6135
1989,SEPTEMBER,COCOYAM,91,6022
1989,OCTOBER,COCOYAM,91,5905
1989,NOVEMBER,COCOYAM,91,5407
1989,DECEMBER,COCOYAM,91,5136
1990,JANUARY,COCOYAM,91,5165
1990,FEBRUARY,COCOYAM,91,4912
1990,MARCH,COCOYAM,91,5190
1990,APRIL,COCOYAM,91,5080
1990,MAY,COCOYAM,91,6424
1990,JUNE,COCOYAM,91,8057
1990,JULY,COCOYAM,91,9597
1990,AUGUST,COCOYAM,91,9882
1990,SEPTEMBER,COCOYAM,91,10536
1990,OCTOBER,COCOYAM,91,10320
1990,NOVEMBER,COCOYAM,91,11794
1990,DECEMBER,COCOYAM,91,8846
1991,JANUARY,COCOYAM,91,9003
1991,FEBRUARY,COCOYAM,91,7772
1991,MARCH,COCOYAM,91,7326
1991,APRIL,COCOYAM,91,7351
1991,MAY,COCOYAM,91,7374
1991,JUNE,COCOYAM,91,7632
1991,JULY,COCOYAM,91,7753
1991,AUGUST,COCOYAM,91,7823
1991,SEPTEMBER,COCOYAM,91,7723
1991,OCTOBER,COCOYAM,91,8300
1991,NOVEMBER,COCOYAM,91,7163
1991,DECEMBER,COCOYAM,91,6936
1992,JANUARY,COCOYAM,91,6850
1992,FEBRUARY,COCOYAM,91,6573
1992,MARCH,COCOYAM,91,6824
1992,APRIL,COCOYAM,91,7722
1992,MAY,COCOYAM,91,7865
1992,JUNE,COCOYAM,91,8717
1992,JULY,COCOYAM,91,9720
1992,AUGUST,COCOYAM,91,10438
1992,SEPTEMBER,COCOYAM,91,13686
1992,OCTOBER,COCOYAM,91,9857
1992,NOVEMBER,COCOYAM,91,10544
1992,DECEMBER,COCOYAM,91,10603
1993,JANUARY,COCOYAM,91,10532
1993,FEBRUARY,COCOYAM,91,9648
1993,MARCH,COCOYAM,91,9352
1993,APRIL,COCOYAM,91,11055
1993,MAY,COCOYAM,91,11734
1993,JUNE,COCOYAM,91,12849
1993,JULY,COCOYAM,91,14359
1993,AUGUST,COCOYAM,91,14267
1993,SEPTEMBER,COCOYAM,91,14338
1993,OCTOBER,COCOYAM,91,12397
1993,NOVEMBER,COCOYAM,91,12688
1993,DECEMBER,COCOYAM,91,11483
1994,JANUARY,COCOYAM,91,10880
1994,FEBRUARY,COCOYAM,91,11427
1994,MARCH,COCOYAM,91,11504
1994,APRIL,COCOYAM,91,12903
1994,MAY,COCOYAM,91,13833
1994,JUNE,COCOYAM,91,14979
1994,JULY,COCOYAM,91,16570
1994,AUGUST,COCOYAM,91,18508
1994,SEPTEMBER,COCOYAM,91,17053
1994,OCTOBER,COCOYAM,91,16324
1994,NOVEMBER,COCOYAM,91,24411
1994,DECEMBER,COCOYAM,91,23815
1995,JANUARY,COCOYAM,91,20120
1995,FEBRUARY,COCOYAM,91,20379
1995,MARCH,COCOYAM,91,21968
1995,APRIL,COCOYAM,91,25070
1995,MAY,COCOYAM,91,27826
1995,JUNE,COCOYAM,91,32697
1995,JULY,COCOYAM,91,32629
1995,AUGUST,COCOYAM,91,28804
1995,SEPTEMBER,COCOYAM,91,30428
1995,OCTOBER,COCOYAM,91,28506
1995,NOVEMBER,COCOYAM,91,26799
1995,DECEMBER,COCOYAM,91,24923
1996,JANUARY,COCOYAM,91,27419
1996,FEBRUARY,COCOYAM,91,25024
1996,MARCH,COCOYAM,91,25134
1996,APRIL,COCOYAM,91,22706
1996,MAY,COCOYAM,91,23236
1996,JUNE,COCOYAM,91,25538
1996,JULY,COCOYAM,91,24604
1996,AUGUST,COCOYAM,91,24814
1996,SEPTEMBER,COCOYAM,91,23930
1996,OCTOBER,COCOYAM,91,25576
1996,NOVEMBER,COCOYAM,91,28125
1996,DECEMBER,COCOYAM,91,27505
1997,JANUARY,COCOYAM,91,28470
1997,FEBRUARY,COCOYAM,91,30346
1997,MARCH,COCOYAM,91,31516
1997,APRIL,COCOYAM,91,32751
1997,MAY,COCOYAM,91,37402
1997,JUNE,COCOYAM,91,41771
1997,JULY,COCOYAM,91,44882
1997,AUGUST,COCOYAM,91,47147
1997,SEPTEMBER,COCOYAM,91,52840
1997,OCTOBER,COCOYAM,91,56865
1997,NOVEMBER,COCOYAM,91,47871
1997,DECEMBER,COCOYAM,91,55798
1998,JANUARY,COCOYAM,91,57261
1998,FEBRUARY,COCOYAM,91,51210
1998,MARCH,COCOYAM,91,53142
1998,APRIL,COCOYAM,91,66462
1998,MAY,COCOYAM,91,68235
1998,JUNE,COCOYAM,91,56920
1998,JULY,COCOYAM,91,56120
1998,AUGUST,COCOYAM,91,63080
1998,SEPTEMBER,COCOYAM,91,64400
1998,OCTOBER,COCOYAM,91,66800
1998,NOVEMBER,COCOYAM,91,63750
1998,DECEMBER,COCOYAM,91,63888
1998,JANUARY,COCOYAM,91,59544
1999,FEBRUARY,COCOYAM,91,57424
1999,MARCH,COCOYAM,91,50946
1999,APRIL,COCOYAM,91,54132
1999,MAY,COCOYAM,91,60416
1999,JUNE,COCOYAM,91,44121
1999,JULY,COCOYAM,91,52857
1999,AUGUST,COCOYAM,91,53045
1999,SEPTEMBER,COCOYAM,91,55437
1999,OCTOBER,COCOYAM,91,56049
1999,NOVEMBER,COCOYAM,91,59009
1999,DECEMBER,COCOYAM,91,63230
2000,JANUARY,COCOYAM,91,56241
2000,FEBRUARY,COCOYAM,91,57767
2000,MARCH,COCOYAM,91,60588
2000,APRIL,COCOYAM,91,64141
2000,MAY,COCOYAM,91,68286
2000,JUNE,COCOYAM,91,81447
2000,JULY,COCOYAM,91,82456
2000,AUGUST,COCOYAM,91,75485
2000,SEPTEMBER,COCOYAM,91,77574
2000,OCTOBER,COCOYAM,91,73187
2000,NOVEMBER,COCOYAM,91,73794
2000,DECEMBER,COCOYAM,91,71814
2001,JANUARY,COCOYAM,91,74797
2001,FEBRUARY,COCOYAM,91,81111
2001,MARCH,COCOYAM,91,83137
2001,APRIL,COCOYAM,91,90597
2001,MAY,COCOYAM,91,92581
2001,JUNE,COCOYAM,91,108149
2001,JULY,COCOYAM,91,103760
2001,AUGUST,COCOYAM,91,125000
2001,SEPTEMBER,COCOYAM,91,109500
2001,OCTOBER,COCOYAM,91,100125
2001,NOVEMBER,COCOYAM,91,101167
2001,DECEMBER,COCOYAM,91,110063
2002,JANUARY,COCOYAM,91,117104
2002,FEBRUARY,COCOYAM,91,123583
2002,MARCH,COCOYAM,91,117340
2002,APRIL,COCOYAM,91,128061
2002,MAY,COCOYAM,91,125872
2002,JUNE,COCOYAM,91,139286
2002,JULY,COCOYAM,91,149529
2002,AUGUST,COCOYAM,91,138132
2002,SEPTEMBER,COCOYAM,91,132775
2002,OCTOBER,COCOYAM,91,129024
2002,NOVEMBER,COCOYAM,91,123761
2002,DECEMBER,COCOYAM,91,123430
2003,JANUARY,COCOYAM,91,118546
2003,FEBRUARY,COCOYAM,91,115540
2003,MARCH,COCOYAM,91,123977
2003,APRIL,COCOYAM,91,124118
2003,MAY,COCOYAM,91,117651
2003,JUNE,COCOYAM,91,134617
2003,JULY,COCOYAM,91,128466
2003,AUGUST,COCOYAM,91,138262
2003,SEPTEMBER,COCOYAM,91,134692
2003,OCTOBER,COCOYAM,91,134518
2003,NOVEMBER,COCOYAM,91,138904
2003,DECEMBER,COCOYAM,91,134343
2004,JANUARY,COCOYAM,91,150006
2004,FEBRUARY,COCOYAM,91,142998
2004,MARCH,COCOYAM,91,143545
2004,APRIL,COCOYAM,91,152298
2004,MAY,COCOYAM,91,166890
2004,JUNE,COCOYAM,91,169767
2004,JULY,COCOYAM,91,197575
2004,AUGUST,COCOYAM,91,206880
2004,SEPTEMBER,COCOYAM,91,180179
2004,OCTOBER,COCOYAM,91,166000
2004,NOVEMBER,COCOYAM,91,168000
2004,DECEMBER,COCOYAM,91,179000
2005,JANUARY,COCOYAM,91,181470
2005,FEBRUARY,COCOYAM,91,171450
2005,MARCH,COCOYAM,91,178330
2005,APRIL,COCOYAM,91,201800
2005,MAY,COCOYAM,91,207970
2005,JUNE,COCOYAM,91,221930
2005,JULY,COCOYAM,91,226590
2005,AUGUST,COCOYAM,91,230970
2005,SEPTEMBER,COCOYAM,91,230800
2005,OCTOBER,COCOYAM,91,214560
2005,NOVEMBER,COCOYAM,91,194260
2005,DECEMBER,COCOYAM,91,232518
2006,JANUARY,COCOYAM,91,229620
2006,FEBRUARY,COCOYAM,91,218690
2006,MARCH,COCOYAM,91,216790
2006,APRIL,COCOYAM,91,211160
2006,MAY,COCOYAM,91,324300
2006,JUNE,COCOYAM,91,234300
2006,JULY,COCOYAM,91,234260
2006,AUGUST,COCOYAM,91,244600
2006,SEPTEMBER,COCOYAM,91,219853
2006,OCTOBER,COCOYAM,91,227800
2006,NOVEMBER,COCOYAM,91,231985
2006,DECEMBER,COCOYAM,91,236766
2007,JANUARY,COCOYAM,91,25.42
2007,FEBRUARY,COCOYAM,91,25.09
2007,MARCH,COCOYAM,91,20.66
2007,APRIL,COCOYAM,91,24.48
2007,MAY,COCOYAM,91,26.25
2007,JUNE,COCOYAM,91,30.53
2007,JULY,COCOYAM,91,31.41
2007,AUGUST,COCOYAM,91,29.53
2007,SEPTEMBER,COCOYAM,91,38.59
2007,OCTOBER,COCOYAM,91,29.99
2007,NOVEMBER,COCOYAM,91,28.79
2007,DECEMBER,COCOYAM,91,29.54
2008,JANUARY,COCOYAM,91,28.55
2008,FEBRUARY,COCOYAM,91,27.75
2008,MARCH,COCOYAM,91,26.96
2008,APRIL,COCOYAM,91,28.27
2008,MAY,COCOYAM,91,31.95
2008,JUNE,COCOYAM,91,31.94
2008,JULY,COCOYAM,91,33.31
2008,AUGUST,COCOYAM,91,32.35
2008,SEPTEMBER,COCOYAM,91,34.53
2008,OCTOBER,COCOYAM,91,39.14
2008,NOVEMBER,COCOYAM,91,36.43
2008,DECEMBER,COCOYAM,91,37.04
2009,JANUARY,COCOYAM,91,34.07
2009,FEBRUARY,COCOYAM,91,34.16
2009,MARCH,COCOYAM,91,33.68
2009,APRIL,COCOYAM,91,34.78
2009,MAY,COCOYAM,91,35.78
2009,JUNE,COCOYAM,91,40.81
2009,JULY,COCOYAM,91,38.86
2009,AUGUST,COCOYAM,91,35.85
2009,SEPTEMBER,COCOYAM,91,39.98
2009,OCTOBER,COCOYAM,91,40.3
2009,NOVEMBER,COCOYAM,91,40.55
2009,DECEMBER,COCOYAM,91,40.12
2010,JANUARY,COCOYAM,91,42.53
2010,FEBRUARY,COCOYAM,91,41.67
2010,MARCH,COCOYAM,91,41.12
2010,APRIL,COCOYAM,91,47.76
2010,MAY,COCOYAM,91,46.52
2010,JUNE,COCOYAM,91,48.61
2010,JULY,COCOYAM,91,50.38
2010,AUGUST,COCOYAM,91,49.35
2010,SEPTEMBER,COCOYAM,91,46.99
2010,OCTOBER,COCOYAM,91,48.51
2010,NOVEMBER,COCOYAM,91,48.41
2010,DECEMBER,COCOYAM,91,57.57
2011,JANUARY,COCOYAM,91,54
2011,FEBRUARY,COCOYAM,91,53.72
2011,MARCH,COCOYAM,91,51
2011,APRIL,COCOYAM,91,52.45
2011,MAY,COCOYAM,91,57.79
2011,JUNE,COCOYAM,91,61.95
2011,JULY,COCOYAM,91,60.92
2011,AUGUST,COCOYAM,91,58.39
2011,SEPTEMBER,COCOYAM,91,57.6
2011,OCTOBER,COCOYAM,91,52.33
2011,NOVEMBER,COCOYAM,91,54.6
2011,DECEMBER,COCOYAM,91,55.72
2012,JANUARY,COCOYAM,91,61.74
2012,FEBRUARY,COCOYAM,91,64.76
2012,MARCH,COCOYAM,91,61.87
2012,APRIL,COCOYAM,91,57.3
2012,MAY,COCOYAM,91,73.97
2012,JUNE,COCOYAM,91,80.8
2012,JULY,COCOYAM,91,84.3
2012,AUGUST,COCOYAM,91,83.42
2012,SEPTEMBER,COCOYAM,91,82.44
2012,OCTOBER,COCOYAM,91,84.4
2012,NOVEMBER,COCOYAM,91,86.7
2012,DECEMBER,COCOYAM,91,87.5
2013,JANUARY,COCOYAM,91,91.74
2013,FEBRUARY,COCOYAM,91,104.52
2013,MARCH,COCOYAM,91,103.1
2013,APRIL,COCOYAM,91,102.85
2013,MAY,COCOYAM,91,105.1
2013,JUNE,COCOYAM,91,118.64
2013,JULY,COCOYAM,91,118.4
2013,AUGUST,COCOYAM,91,124.43
2013,SEPTEMBER,COCOYAM,91,108.54
2013,OCTOBER,COCOYAM,91,106.7
2013,NOVEMBER,COCOYAM,91,89.44
2013,DECEMBER,COCOYAM,91,114.24
2013,JANUARY,COCOYAM,91,107.93
2014,FEBRUARY,COCOYAM,91,102.39
2014,MARCH,COCOYAM,91,107.77
2014,APRIL,COCOYAM,91,114.49
2014,MAY,COCOYAM,91,113.8
2014,JUNE,COCOYAM,91,122.25
2014,JULY,COCOYAM,91,122.81
2014,AUGUST,COCOYAM,91,125.35
2014,SEPTEMBER,COCOYAM,91,121.2
2014,OCTOBER,COCOYAM,91,124.86
2014,NOVEMBER,COCOYAM,91,146.93
2014,DECEMBER,COCOYAM,91,125.05
2015,JANUARY,COCOYAM,91,131.18
2015,FEBRUARY,COCOYAM,91,140.41
2015,MARCH,COCOYAM,91,114.17
2015,APRIL,COCOYAM,91,137.9
2015,MAY,COCOYAM,91,140.4
2015,JUNE,COCOYAM,91,140.12
2015,JULY,COCOYAM,91,146.57
2015,AUGUST,COCOYAM,91,148.3
2015,SEPTEMBER,COCOYAM,91,131.2
2015,OCTOBER,COCOYAM,91,125.27
2015,NOVEMBER,COCOYAM,91,156.74
2015,DECEMBER,COCOYAM,91,148.98
2016,JANUARY,COCOYAM,91,145.01
2016,FEBRUARY,COCOYAM,91,166.03
2016,MARCH,COCOYAM,91,164.33
2016,APRIL,COCOYAM,91,215.65
2016,MAY,COCOYAM,91,248.78
2016,JUNE,COCOYAM,91,229.63
2016,JULY,COCOYAM,91,244.35
2016,AUGUST,COCOYAM,91,215.61
2016,SEPTEMBER,COCOYAM,91,209.91
2016,OCTOBER,COCOYAM,91,210.83
2016,NOVEMBER,COCOYAM,91,194.02
2016,DECEMBER,COCOYAM,91,182.85
2017,JANUARY,COCOYAM,91,197.58
2017,FEBRUARY,COCOYAM,91,194.07
2017,MARCH,COCOYAM,91,197.92
2017,APRIL,COCOYAM,91,202.72
2017,MAY,COCOYAM,91,239.59
2017,JUNE,COCOYAM,91,219.08
2017,JULY,COCOYAM,91,196.04
2017,AUGUST,COCOYAM,91,208.95
2017,SEPTEMBER,COCOYAM,91,193.72
2017,OCTOBER,COCOYAM,91,210.27
2017,NOVEMBER,COCOYAM,91,197.45
2017,DECEMBER,COCOYAM,91,195.17
